BPLCNM,RDNWHLADDR,SITEWHLADDR,X,Y,UPTAENM
제주나다,"서울특별시 성북구 동소문로 315, 현대백화점미아점 지하1층 (길음동)",서울특별시 성북구 길음동 20-1 현대백화점미아점,202466.801084521,456227.571720914,백화점
베이크,"서울특별시 강남구 압구정로 165, 현대백화점본점 지하1층 (압구정동)",서울특별시 강남구 압구정동 429 현대백화점본점,202358.505687227,447232.955697694,백화점
즉석어묵,"서울특별시 동대문구 왕산로37길 27 (청량리동,현대코아지하1층21호 (청량시장3길 3))",서울특별시 동대문구 청량리동 774-0번지 현대코아지하1층21호 (청량시장3길 3) ,203793.67250079,453201.200861783,백화점
취영루푸드시스템,"서울특별시 동대문구 왕산로 214, 청량리역,롯데백화점 지하 2층 (전농동)","서울특별시 동대문구 전농동 591-53번지 청량리역,롯데백화점 ",204081.282117393,453187.395154017,백화점
영동족발 현대본점,"서울특별시 강남구 압구정로 165, 현대백화점본점 지하1층 일부호 (압구정동)",서울특별시 강남구 압구정동 429 현대백화점본점,202358.505687227,447232.955697694,백화점
부산빨간 어묵포차,"서울특별시 성북구 종암로 167, 지하2층 (하월곡동, 동일하이빌뉴시티)",서울특별시 성북구 하월곡동 230 동일하이빌뉴시티 ,202667.468802014,455858.920803881,백화점
찬합 현대백화점 미아점,"서울특별시 성북구 동소문로 315, 현대백화점미아점 지하1층 (길음동)",서울특별시 성북구 길음동 20-1 현대백화점미아점 ,202466.801084521,456227.571720914,백화점
(주)현대백화점 미아점,"서울특별시 성북구 동소문로 315 (길음동,외11필지 현대백화점)",서울특별시 성북구 길음동 20-1 외11필지 현대백화점 ,202466.801084521,456227.571720914,백화점
서만복닭강정,"서울특별시 성북구 동소문로 315, 현대백화점미아점 (길음동)",서울특별시 성북구 길음동 20-1 현대백화점미아점 ,202466.801084521,456227.571720914,백화점
마듀현대백화점 미아점,"서울특별시 성북구 동소문로 315, 현대백화점미아점 지하1층 (길음동)",서울특별시 성북구 길음동 20-1 현대백화점미아점 ,202466.801084521,456227.571720914,백화점
샤브진,"서울특별시 성북구 동소문로 315, 현대백화점미아점 (길음동)",서울특별시 성북구 길음동 20-1 현대백화점미아점 ,202466.801084521,456227.571720914,백화점
남포동수제비 미아점,"서울특별시 성북구 동소문로 315, 현대백화점미아점 지하1층 (길음동)",서울특별시 성북구 길음동 20-1 현대백화점미아점 ,202466.801084521,456227.571720914,백화점
크로붕,"서울특별시 성북구 동소문로 315, 현대백화점미아점 지하1층 (길음동)",서울특별시 성북구 길음동 20-1 현대백화점미아점 ,202466.801084521,456227.571720914,백화점
어니언 수제어묵,"서울특별시 성북구 동소문로 315, 현대백화점미아점 지하1층 (길음동)",서울특별시 성북구 길음동 20-1 현대백화점미아점 지하1층 ,202466.801084521,456227.571720914,백화점
장충동왕족발 하월곡점,"서울특별시 성북구 종암로 167, 동일하이빌뉴시티 지하1층 (하월곡동, 동일하이빌뉴시티)",서울특별시 성북구 하월곡동 230 동일하이빌뉴시티 ,202667.468802014,455858.920803881,백화점
리은푸드,"서울특별시 성북구 동소문로 315, 현대백화점미아점 지하1층 (길음동)",서울특별시 성북구 길음동 20-1 현대백화점미아점 ,202466.801084521,456227.571720914,백화점
에낭 현대 미아점,"서울특별시 성북구 동소문로 315, 현대백화점미아점 지하1층 (길음동)",서울특별시 성북구 길음동 20-1 현대백화점미아점 ,202466.801084521,456227.571720914,백화점
어니언수제어묵,"서울특별시 강북구 도봉로 62, 롯데백화점 미아점 지하2층 (미아동)",서울특별시 강북구 미아동 70-6 롯데백화점 미아점 ,202625.646264572,456875.973976242,백화점
나무그늘,"서울특별시 강북구 도봉로 62, 롯데백화점 미아점 지2층 (미아동)",서울특별시 강북구 미아동 70-6 롯데백화점 미아점 ,202625.646264572,456875.973976242,백화점
면채반 롯데미아점,서울특별시 강북구 도봉로 62 (미아동),서울특별시 강북구 미아동 70-6번지 ,202625.646264572,456875.973976242,백화점
로스터비 보테가,"서울특별시 강북구 도봉로 62, 롯데백화점 미아점 3층 (미아동)",서울특별시 강북구 미아동 70-6 롯데백화점 미아점 ,202625.646264572,456875.973976242,백화점
(주)한국축지,"서울특별시 도봉구 노해로65길 4 (창동,(지하1층))",서울특별시 도봉구 창동 135-26 (지하1층) ,204107.090272108,461072.642448925,백화점
이가네 떡볶이,"서울특별시 중구 소공로 63, 신세계백화점건물 지1층 (충무로1가)",서울특별시 중구 충무로1가 52-5 신세계백화점건물 ,198263.90839194,450960.762964932,백화점
구운몽,"서울특별시 중구 퇴계로 77, 신세계백화점 지하1층 (충무로1가)",서울특별시 중구 충무로1가 54번지 신세계백화점 ,198253.896034899,450905.28446798,백화점
(주)효온켐,"서울특별시 중구 소공로 63, 신세계백화점건물 지하1층 (충무로1가)",서울특별시 중구 충무로1가 52-5번지 신세계백화점건물 ,198263.90839194,450960.762964932,백화점
도제 명동2,"서울특별시 중구 소공로 63, 신세계백화점건물 지하1층 (충무로1가)",서울특별시 중구 충무로1가 52-5번지 신세계백화점건물 ,198263.90839194,450960.762964932,백화점
오렌지나라,"서울특별시 중구 소공로 63 (충무로1가,신세계백화점 지하1층)",서울특별시 중구 충무로1가 52-5번지 신세계백화점 지하1층 ,198263.90839194,450960.762964932,백화점
파파로티,,서울특별시 중구 소공동 1번지 롯데백화점 지하1층 ,198259.65357739,451392.198218657,백화점
레어버드컴퍼니(주),"서울특별시 중구 소공로 63 (충무로1가, 지하1층)",서울특별시 중구 충무로1가 52-5번지 지하1층 ,198263.90839194,450960.762964932,백화점
나마도라,"서울특별시 중구 남대문로 81 (소공동, 롯데백화점 지하1층)",서울특별시 중구 소공동 1 롯데백화점 지하1층 ,198259.65357739,451392.198218657,백화점
(주)유긴,"서울특별시 중구 남대문로 81 (소공동, 롯데백화점 지하1층)",서울특별시 중구 소공동 1 롯데백화점 지하1층 ,198259.65357739,451392.198218657,백화점
타이쇼,"서울특별시 중구 남대문로 81 (소공동, 롯데백화점 지하1층)",서울특별시 중구 소공동 1 롯데백화점 지하1층 ,198259.65357739,451392.198218657,백화점
치라시 본점,,서울특별시 중구 소공동 1 롯데백화점 지하1층 ,198259.65357739,451392.198218657,백화점
살라타이,,서울특별시 중구 소공동 1번지 롯데백화점 지하1층 ,198259.65357739,451392.198218657,백화점
(주)영우 롯데 에비뉴엘점,"서울특별시 중구 남대문로 73 (남대문로2가,에비뉴엘 12층)",서울특별시 중구 남대문로2가 130 에비뉴엘 12층 ,198333.470885484,451313.412912492,백화점
아이올리,,서울특별시 중구 소공동 1번지 롯데백화점 지하1층 ,198259.65357739,451392.198218657,백화점
팔방루,"서울특별시 중구 남대문로 81, 지하1층 (소공동, 롯데백화점)",서울특별시 중구 소공동 1 롯데백화점 지하1층 ,198259.65357739,451392.198218657,백화점
화이트하우스,"서울특별시 중구 소공로 63, 지하1층 (충무로1가, 신세계백화점)",서울특별시 중구 충무로1가 52-5번지 신세계백화점 지하1층 ,198263.90839194,450960.762964932,백화점
명류당,"서울특별시 중구 소공로 63 (충무로1가,신세계백화점 지하1층)",서울특별시 중구 충무로1가 52-5번지 신세계백화점 지하1층 ,198263.90839194,450960.762964932,백화점
(주)나무,"서울특별시 중구 소공로 63, 지하1층 (충무로1가)",서울특별시 중구 충무로1가 52-5번지 신세계백화점 지하1층 ,198263.90839194,450960.762964932,백화점
로하디,"서울특별시 중구 소공로 63 (충무로1가,신세계백화점 지하1층)",서울특별시 중구 충무로1가 52-5번지 신세계백화점 지하1층 ,198263.90839194,450960.762964932,백화점
카린토만주,"서울특별시 중구 소공로 63, 지하1층 (충무로1가, 신세계백화점)",서울특별시 중구 충무로1가 52-5번지 신세계백화점 지하1층 ,198263.90839194,450960.762964932,백화점
분메이도,"서울특별시 중구 소공로 63, 지하1층 (충무로1가)",서울특별시 중구 충무로1가 52-5번지 ,198263.90839194,450960.762964932,백화점
하나마루,"서울특별시 중구 소공로 63, 지하1층 (충무로1가, 신세계백화점 본점)",서울특별시 중구 충무로1가 52-5번지 신세계백화점 본점 지하1층 ,198263.90839194,450960.762964932,백화점
하나요리당고,"서울특별시 중구 을지로 30, 지하1층 (소공동)",서울특별시 중구 소공동 1 ,198259.65357739,451392.198218657,백화점
(주)이푸르미,"서울특별시 중구 소공로 63, 지하1층 (충무로1가, 신세계백화점)",서울특별시 중구 충무로1가 52-5번지 신세계백화점 지하1층 ,198263.90839194,450960.762964932,백화점
어반팟,"서울특별시 중구 소공로 63 (충무로1가, 신세계백화점 지하1층)",서울특별시 중구 충무로1가 52-5번지 신세계백화점 지하1층 ,198263.90839194,450960.762964932,백화점
(주)곤트란쉐리에 롯데명동,"서울특별시 중구 남대문로 81 (소공동, 롯데백화점 4층)",서울특별시 중구 소공동 1 롯데백화점 4층 ,198259.65357739,451392.198218657,백화점
시시케밥,"서울특별시 중구 소공로 63, 지하1층 (충무로1가, 신세계백화점)",서울특별시 중구 충무로1가 52-5번지 신세계백화점 지하1층 ,198263.90839194,450960.762964932,백화점
뉴욕크로넛 롯데백화점 명동점,"서울특별시 중구 남대문로 81, 지하1층 (소공동)",서울특별시 중구 소공동 1 ,198259.65357739,451392.198218657,백화점
비첸향,"서울특별시 중구 남대문로 81, 지하1층 (소공동)",서울특별시 중구 소공동 1번지 지하1층 ,198259.65357739,451392.198218657,백화점
바르다 김선생 제타플렉스 서울역점,"서울특별시 중구 한강대로 405, 2층, 롯데마트 제타플렉스 서울역점 (봉래동2가)",서울특별시 중구 봉래동2가 122-11 ,197229.761422932,450418.159244379,백화점
군산오징어,"서울특별시 중구 남대문로 81 (소공동, 지하1층)",서울특별시 중구 소공동 1 ,198259.65357739,451392.198218657,백화점
하이드파크,,서울특별시 중구 신당동 1-0번지 ,,,백화점
(주) 창화당,"서울특별시 중구 소공로 63 (충무로1가, 신세계백화점 지하1층)",서울특별시 중구 충무로1가 52-5번지 신세계백화점 지하1층 ,198263.90839194,450960.762964932,백화점
스타족발,"서울특별시 중구 소공로 63 (충무로1가, 지하1층)",서울특별시 중구 충무로1가 52-5번지 지하1층 ,198263.90839194,450960.762964932,백화점
폼피,"서울특별시 중구 장충단로13길 20, 지하2층 (을지로6가)",서울특별시 중구 을지로6가 17-2번지 ,200613.510297669,451817.515366883,백화점
스틱하우스(신세계백화점 본점),"서울특별시 중구 소공로 63 (충무로1가,  신세계백화점  지하1층)",서울특별시 중구 충무로1가 52-5번지 신세계백화점 지하1층 ,198263.90839194,450960.762964932,백화점
이따리아노,,서울특별시 중구 흥인동 1-0번지 ,,,백화점
마가레트,,서울특별시 중구 흥인동 1-0번지 ,,,백화점
한입,"서울특별시 중구 남대문로 81 (소공동, 롯데백화점 지하1층)",서울특별시 중구 소공동 1 롯데백화점 지하1층 ,198259.65357739,451392.198218657,백화점
이지웨이,"서울특별시 중구 남대문로 81 (소공동, 롯데백화점 지하1층)",서울특별시 중구 소공동 1 롯데백화점 지하1층 ,198259.65357739,451392.198218657,백화점
슐스타드,"서울특별시 중구 장충단로13길 20 (을지로6가, 현대시티타워지하2층)",서울특별시 중구 을지로6가 17-2번지 현대시티타워지하2층 ,200613.510297669,451817.515366883,백화점
다마야끼,"서울특별시 중구 장충단로13길 20, 지하2층 (을지로6가, 현대씨티아울렛)",서울특별시 중구 을지로6가 17-2번지 지하2층 ,200613.510297669,451817.515366883,백화점
지파시 현대시티아울렛점,"서울특별시 중구 장충단로13길 20, 8층 (을지로6가, 현대시티아울렛)",서울특별시 중구 을지로6가 17-2 ,200613.510297669,451817.515366883,백화점
순희네 에프앤비,"서울특별시 중구 퇴계로 77 (충무로1가, 신세계백화점 신관 지하1층)",서울특별시 중구 충무로1가 54번지 신세계백화점 신관 지하1층 ,198253.896034899,450905.28446798,백화점
이지프레쉬,"서울특별시 중구 남대문로 81, 롯데백화점 본점 지1층 (소공동)",서울특별시 중구 소공동 1 롯데백화점 본점 ,198259.65357739,451392.198218657,백화점
최가명과,,서울특별시 중구 소공동 1 (롯데백화점 지하1층) ,198259.65357739,451392.198218657,백화점
앨리스델리,"서울특별시 중구 소공로 63 (충무로1가,신세계백화점지하1층)",서울특별시 중구 충무로1가 52-5번지 신세계백화점지하1층 ,198263.90839194,450960.762964932,백화점
주니어스 치즈케이크 앤 디저트,"서울특별시 중구 남대문로 81 (소공동, 롯데백화점 지하1층)",서울특별시 중구 소공동 1 롯데백화점 지하1층 ,198259.65357739,451392.198218657,백화점
그래머시홀델리2,"서울특별시 중구 퇴계로 77 (충무로1가, 신세계백화점 신관 지하1층)",서울특별시 중구 충무로1가 54번지 신세계백화점 신관 지하1층 ,198253.896034899,450905.28446798,백화점
쇼토,"서울특별시 중구 남대문로 81, 롯데백화점 본점 지하1층 (소공동)",서울특별시 중구 소공동 1 롯데백화점 본점,198259.65357739,451392.198218657,백화점
고디바,"서울특별시 중구 남대문로 81 (소공동, 롯데백화점 본점 지하1층)",서울특별시 중구 소공동 1 롯데백화점 본점 지하1층 ,198259.65357739,451392.198218657,백화점
바르도 롯데백화점 본점,"서울특별시 중구 남대문로 81 (소공동, 롯데백화점 지하1층)",서울특별시 중구 소공동 1 롯데백화점 지하1층 ,198259.65357739,451392.198218657,백화점
(주)승휘연,"서울특별시 중구 소공로 63 (충무로1가,신세계백화점 지하1층)",서울특별시 중구 충무로1가 52-5번지 신세계백화점 지하1층 ,198263.90839194,450960.762964932,백화점
디케이트레이딩 모찌크림,,서울특별시 중구 소공동 1번지 롯데백화점 (지하1층) ,198259.65357739,451392.198218657,백화점
(주)해피레몬코리아 롯데본점,"서울특별시 중구 남대문로 81, 지하1층 (소공동)",서울특별시 중구 소공동 1 ,198259.65357739,451392.198218657,백화점
화미가,,서울특별시 중구 소공동 1번지 롯데백화점 지하1층 ,198259.65357739,451392.198218657,백화점
화미가,"서울특별시 중구 소공로 63 (충무로1가, 신세계백화점 본점 지하1층)",서울특별시 중구 충무로1가 52-5번지 신세계백화점 본점 지하1층 ,198263.90839194,450960.762964932,백화점
아라온(주),,서울특별시 중구 충무로1가 52-20번지 (지하1층) ,,,백화점
예전,,서울특별시 중구 충무로1가 52-20번지 (지하1층) ,,,백화점
뉴푸드유통,,서울특별시 중구 충무로1가 52-20번지 (지하1층) ,,,백화점
크레마 디 몬타냐,"서울특별시 중구 소공로 63, 신세계백화점  지하1층 (충무로1가)",서울특별시 중구 충무로1가 52-5번지 신세계백화점  지하1층 ,198263.90839194,450960.762964932,백화점
황가네 에프에스,"서울특별시 중구 퇴계로 77 (충무로1가,(지하1층))",서울특별시 중구 충무로1가 54번지 (지하1층) ,198253.896034899,450905.28446798,백화점
보보라보,"서울특별시 중구 남대문로 73 (남대문로2가,롯데백화점 애비뉴엘(지상3층))",서울특별시 중구 남대문로2가 130 롯데백화점 애비뉴엘(지상3층) ,198333.470885484,451313.412912492,백화점
가라망,"서울특별시 중구 소공로 63 (충무로1가, 신세계백화점 본점 지하1층)",서울특별시 중구 충무로1가 52-5번지 신세계백화점 본점 지하1층 ,198263.90839194,450960.762964932,백화점
(주)그레아코리아,,서울특별시 중구 충무로1가 52-20번지 (지하1층) ,,,백화점
찰스볼 신세계백화점 본점,"서울특별시 중구 소공로 63 (충무로1가, 신세계백화점 지하1층)",서울특별시 중구 충무로1가 52-5번지 신세계백화점 지하1층 ,198263.90839194,450960.762964932,백화점
에낭,"서울특별시 강동구 천호대로 1005, 현대백화점 지2층 (천호동)",서울특별시 강동구 천호동 572 현대백화점,210929.919693661,448537.406728283,백화점
라바즈,"서울특별시 중구 남대문로 81, 롯데백화점 본점 지1층 (소공동)",서울특별시 중구 소공동 1 롯데백화점 본점 ,198259.65357739,451392.198218657,백화점
샤브퀴진,"서울특별시 중구 퇴계로 77, 지하1층 (충무로1가)",서울특별시 중구 충무로1가 54 ,198253.896034899,450905.28446798,백화점
플디,"서울특별시 중구 남대문로 81, 지하1층 (소공동)",서울특별시 중구 소공동 1 ,198259.65357739,451392.198218657,백화점
키쉬 미뇽,"서울특별시 중구 소공로 63, 신세계백화점 지하1층 (충무로1가)",서울특별시 중구 충무로1가 52-5 신세계백화점 ,198263.90839194,450960.762964932,백화점
kachi(율고떡방),"서울특별시 중구 남대문로 81, 롯데백화점 본점 지1층 (소공동)",서울특별시 중구 소공동 1 롯데백화점 본점 ,198259.65357739,451392.198218657,백화점
한입소반 롯데백화점 명동점,"서울특별시 중구 남대문로 81, 롯데백화점 본점 지하1층 (소공동)",서울특별시 중구 소공동 1 롯데백화점 본점 ,198259.65357739,451392.198218657,백화점
에키노마에,"서울특별시 중구 소공로 63, 신세계백화점건물 지하1층 (충무로1가)",서울특별시 중구 충무로1가 52-5 신세계백화점건물 ,198263.90839194,450960.762964932,백화점
테판스테이션 롯데본점,"서울특별시 중구 남대문로 81, 롯데백화점 본점 지하1층 (소공동)",서울특별시 중구 소공동 1 롯데백화점 본점 ,198259.65357739,451392.198218657,백화점
(주)장군식품,"서울특별시 용산구 청파로 122 (한강로2가,농협용산백화점내)",서울특별시 용산구 한강로2가 15-19번지 농협용산백화점내 ,196813.258497258,447881.970772064,백화점
세븐일레븐 성동센트라스점,"서울특별시 성동구 왕십리로 410, F동 1층 105호 (하왕십리동, 센트라스)",서울특별시 성동구 하왕십리동 1070 센트라스 ,202372.912023599,451536.680876573,백화점
해원씨푸드,"서울특별시 광진구 능동로 92, 롯데백화점 지하1층 (자양동)",서울특별시 광진구 자양동 227-342 롯데백화점  지하1층 ,206217.434726027,448506.218743834,백화점
에이콥 베이커리 롯데백화점 건대스타시티점,"서울특별시 광진구 능동로 92, 롯데백화점 B1층 (자양동)",서울특별시 광진구 자양동 227-342 롯데백화점 ,206217.434726027,448506.218743834,백화점
조선속초코다리냉면 노원점,"서울특별시 노원구 동일로 1414, 롯데백화점 지하1층 (상계동)",서울특별시 노원구 상계동 713 롯데백화점 ,205320.28476675,461419.881795004,백화점
이마트월계점(중화),서울특별시 노원구 마들로3길 15 (월계동),서울특별시 노원구 월계동 333-1 ,205391.070378059,458333.989216339,백화점
이마트월계점,서울특별시 노원구 마들로3길 15 (월계동),서울특별시 노원구 월계동 333-1 ,205391.070378059,458333.989216339,백화점
이마트월계점(영양밥),서울특별시 노원구 마들로3길 15 (월계동),서울특별시 노원구 월계동 333-1 ,205391.070378059,458333.989216339,백화점
이마트월계점,서울특별시 노원구 마들로3길 15 (월계동),서울특별시 노원구 월계동 333-1 ,205391.070378059,458333.989216339,백화점
이마트월계점,서울특별시 노원구 마들로3길 15 (월계동),서울특별시 노원구 월계동 333-1 ,205391.070378059,458333.989216339,백화점
심포니9(Symphony9),"서울특별시 노원구 섬밭로 258 (중계동,(2층))",서울특별시 노원구 중계동 506-1번지 (2층) ,205645.891969072,459609.012509743,백화점
이마트월계점,서울특별시 노원구 마들로3길 15 (월계동),서울특별시 노원구 월계동 333-1 ,205391.070378059,458333.989216339,백화점
이마트월계점,서울특별시 노원구 마들로3길 15 (월계동),서울특별시 노원구 월계동 333-1 ,205391.070378059,458333.989216339,백화점
주식회사지노,"서울특별시 노원구 동일로 1414 (상계동,롯데백화점 지하1층 식품관)",서울특별시 노원구 상계동 713번지 롯데백화점 지하1층 식품관 ,205320.28476675,461419.881795004,백화점
델리카나,"서울특별시 노원구 노원로 330 (중계동, 517)",서울특별시 노원구 중계동 517,206132.432496938,460549.311157153,백화점
디드릭노원점,서울특별시 노원구 동일로 1414 (상계동),서울특별시 노원구 상계동 713번지 ,205320.28476675,461419.881795004,백화점
홈플러스(주),서울특별시 노원구 동일로204가길 지하 12 (중계동),서울특별시 노원구 중계동 509-2 ,205985.953324881,459730.43776924,백화점
그린포켓(롯데 본점),"서울특별시 중구 남대문로 81, 롯데백화점 본점 지하1층 (소공동)",서울특별시 중구 소공동 1 롯데백화점 본점,198259.65357739,451392.198218657,백화점
프레쉬테이블,"서울특별시 서대문구 신촌로 83, 현대백화점신촌점 지하1층 (창천동)",서울특별시 서대문구 창천동 30-33 현대백화점신촌점 ,194265.067639805,450433.691021245,백화점
송,"서울특별시 서대문구 신촌로 83, 현대백화점신촌점 10층 (창천동)",서울특별시 서대문구 창천동 30-33번지 현대백화점신촌점 10층 일부 ,194265.067639805,450433.691021245,백화점
롤러프레시,"서울특별시 서대문구 신촌로 83, 현대백화점신촌점 지하1층 (창천동)",서울특별시 서대문구 창천동 30-33번지 현대백화점신촌점 ,194265.067639805,450433.691021245,백화점
카도르그레이스,서울특별시 서대문구 신촌로 83 (창천동),서울특별시 서대문구 창천동 30-33번지 ,194265.067639805,450433.691021245,백화점
두부명가,"서울특별시 서대문구 신촌로 83 (창천동,현대백화점 지하1층)",서울특별시 서대문구 창천동 30-33번지 현대백화점 지하1층 ,194265.067639805,450433.691021245,백화점
본가스시,"서울특별시 서대문구 신촌로 83 (창천동,지하1층)",서울특별시 서대문구 창천동 30-33 지하1층 ,194265.067639805,450433.691021245,백화점
골든피스 갤러리아점,"서울특별시 강남구 압구정로 343, 갤러리아백화점 명품관 지하1층 (압구정동)",서울특별시 강남구 압구정동 494 갤러리아백화점,203470.848439305,447369.579851952,백화점
베이글리스트 현대백화점 목동점,"서울특별시 양천구 목동동로 257, 지하2층 (목동, 현대하이페리온)",서울특별시 양천구 목동 916 현대하이페리온,188884.075622342,447186.888604306,백화점
슬런치 팩토리 삼성점,"서울특별시 강남구 테헤란로 517, 현대백화점 무역센터점 지하1층 식품관 (삼성동)",서울특별시 강남구 삼성동 159-7 현대백화점,205210.358779172,445154.42225208,백화점
(주)두리물산,"서울특별시 마포구 신촌로 66 (노고산동, 1층일부)",서울특별시 마포구 노고산동 49-31번지 ,194020.023177469,450426.583343697,백화점
앤티앤스,"서울특별시 양천구 목동동로 257, 지하2층 (목동, 현대하이페리온)",서울특별시 양천구 목동 916 현대하이페리온 ,188884.075622342,447186.888604306,백화점
현대그린푸드목동점,"서울특별시 양천구 목동동로 257, 지하2층 (목동, 현대백화점목동점내)",서울특별시 양천구 목동 916번지 현대백화점목동점내 지하2층 ,188884.075622342,447186.888604306,백화점
에이치에스마켓,"서울특별시 강남구 도곡로 401, 롯데백화점 지하1층 (대치동)",서울특별시 강남구 대치동 937 롯데백화점,204669.543366778,443873.621189048,백화점
스타벅스현대목동점,"서울특별시 양천구 목동동로 257 (목동,현대백화점 지하2층)",서울특별시 양천구 목동 916 현대백화점 지하2층 ,188884.075622342,447186.888604306,백화점
찬합 현대백화점목동점,"서울특별시 양천구 목동동로 257, 지하2층 (목동, 현대하이페리온)",서울특별시 양천구 목동 916 현대하이페리온 ,188884.075622342,447186.888604306,백화점
보난자커피 목동점,"서울특별시 양천구 목동동로 257, 지하1층 (목동, 현대하이페리온)",서울특별시 양천구 목동 916 현대하이페리온 ,188884.075622342,447186.888604306,백화점
샤브테이블,"서울특별시 양천구 목동동로 257, 지하2층 (목동, 현대백화점목동점)",서울특별시 양천구 목동 916 현대백화점목동점 지하2층 ,188884.075622342,447186.888604306,백화점
록산푸드,"서울특별시 양천구 목동동로 309, 중소기업유통센터(행복한백화점) 구내매점 지하1층 (목동)",서울특별시 양천구 목동 917-6번지 중소기업유통센터(행복한백화점) 지하1층 구내매점 ,188977.171050288,447466.355031447,백화점
에키노마에,"서울특별시 양천구 목동동로 257, 지하2층 (목동, 현대하이페리온)",서울특별시 양천구 목동 916 현대하이페리온 ,188884.075622342,447186.888604306,백화점
기야마,"서울특별시 양천구 목동동로 257, 지하2층 (목동, 현대하이페리온)",서울특별시 양천구 목동 916 현대하이페리온 ,188884.075622342,447186.888604306,백화점
타쿠미야,"서울특별시 양천구 목동동로 257, 지하2층 (목동, 현대하이페리온)",서울특별시 양천구 목동 916번지 현대하이페리온 지하2층 ,188884.075622342,447186.888604306,백화점
슈르르카,"서울특별시 양천구 목동동로 257, 지하2층 (목동, 현대하이페리온)",서울특별시 양천구 목동 916 현대하이페리온 ,188884.075622342,447186.888604306,백화점
쉬즈베이글 행복한백화점점,"서울특별시 양천구 목동동로 309, 행복한백화점 1층 (목동)",서울특별시 양천구 목동 917-6 행복한백화점 1층 ,188977.171050288,447466.355031447,백화점
서울만두 EXPRESS(익스프레스),"서울특별시 양천구 목동동로 257, 지하2층 (목동, 현대하이페리온)",서울특별시 양천구 목동 916 현대하이페리온 지하2층 ,188884.075622342,447186.888604306,백화점
콜렉티보 현대목동점,"서울특별시 양천구 목동동로 257, 3층층 (목동, 현대하이페리온)",서울특별시 양천구 목동 916 현대백화점목동점 3층 ,188884.075622342,447186.888604306,백화점
식탁위의 사계,"서울특별시 양천구 목동동로 257, 지하2층 (목동, 현대하이페리온)",서울특별시 양천구 목동 916 현대하이페리온 ,188884.075622342,447186.888604306,백화점
에낭 현대목동점,"서울특별시 양천구 목동동로 257, 지하1층 (목동, 현대하이페리온)",서울특별시 양천구 목동 916 현대하이페리온 ,188884.075622342,447186.888604306,백화점
주식회사 콜,"서울특별시 양천구 목동동로 257, 지하2층 (목동, 현대하이페리온)",서울특별시 양천구 목동 916 현대하이페리온 ,188884.075622342,447186.888604306,백화점
(주)행복생활에프앤비,"서울특별시 강서구 강서로56길 17, NC 강서점 지하1층 (등촌동)",서울특별시 강서구 등촌동 689 NC 강서점 지하1층 내 ,185824.428508883,450866.252126246,백화점
야미푸루따,"서울특별시 강서구 하늘길 38, 김포공항, 롯데몰, 스카이시티 지하 2층 일부호 (방화동)","서울특별시 강서구 방화동 882-1 김포공항, 롯데몰, 스카이시티 ",182443.369126587,452203.431859429,백화점
르뱅룰즈 타임스퀘어점,"서울특별시 영등포구 영중로 9, 신세계백화점 타임스퀘어점 지하1층 (영등포동4가)",서울특별시 영등포구 영등포동4가 434-5 신세계백화점,191581.500265536,446108.807192753,백화점
홍대쌀국수,"서울특별시 강서구 강서로56길 17, 지하1층 (등촌동, 3동 엔씨백화점)",서울특별시 강서구 등촌동 689번지 엔씨백화점 (지하 1층) ,185824.428508883,450866.252126246,백화점
스트릿츄러스 NC신구로점,"서울특별시 구로구 구로중앙로 152, NC백화점 지하1층 (구로동)",서울특별시 구로구 구로동 573 NC백화점 ,189570.360930049,444336.051330144,백화점
하이미엘 디큐브시티점,"서울특별시 구로구 경인로 662, 지하2층 (신도림동, 디큐브시티)",서울특별시 구로구 신도림동 692 디큐브시티 ,190107.045415333,445157.626366229,백화점
타쿠미야 디큐브시티점,"서울특별시 구로구 경인로 662, 지하2층 (신도림동, 디큐브시티)",서울특별시 구로구 신도림동 692 디큐브시티 ,190107.045415333,445157.626366229,백화점
송사부 수제쌀고로케,"서울특별시 구로구 구로중앙로 152, NC백화점 지하1층 (구로동)",서울특별시 구로구 구로동 573 NC백화점 ,189570.360930049,444336.051330144,백화점
옛날호떡,"서울특별시 구로구 경인로 662, 지하2층 (신도림동, 디큐브시티)",서울특별시 구로구 신도림동 692 디큐브시티 지하2층 ,190107.045415333,445157.626366229,백화점
정읍옛날김밥,"서울특별시 구로구 경인로43길 49, B동 1층 B101(MB-F01-030-001)호 (고척동, 고척아이파크)",서울특별시 구로구 고척동 351 고척아이파크 ,187422.915003999,444002.704579788,백화점
마리올라,"서울특별시 구로구 경인로 662, 지하2층 (신도림동, 디큐브시티)",서울특별시 구로구 신도림동 692 디큐브시티 ,190107.045415333,445157.626366229,백화점
한국맥도날드(유) 신도림테크노점,"서울특별시 구로구 새말로 97, 1층 001,002,003호 (구로동, 신도림테크노마트)","서울특별시 구로구 구로동 3-25 신도림테크노마트 1층 001,002,003호 ",190232.524534335,444978.682746138,백화점
이마트신도림점 구이류코너,"서울특별시 구로구 새말로 97, 지하2층 (구로동, 신도림테크노마트)",서울특별시 구로구 구로동 3-25 이마트신도림점 지하2층 ,190232.524534335,444978.682746138,백화점
이마트신도림점 김밥코너,"서울특별시 구로구 새말로 97, 지하2층 (구로동, 신도림테크노마트)",서울특별시 구로구 구로동 3-25 이마트신도림점 지하2층 ,190232.524534335,444978.682746138,백화점
이마트신도림점 초밥코너,"서울특별시 구로구 새말로 97, 지하2층 (구로동, 신도림테크노마트)",서울특별시 구로구 구로동 3-25 이마트신도림점 지하2층 ,190232.524534335,444978.682746138,백화점
이마트신도림점 중화요리코너,"서울특별시 구로구 새말로 97, 지하2층 (구로동, 신도림테크노마트)",서울특별시 구로구 구로동 3-25 이마트 신도림점 지하2층 ,190232.524534335,444978.682746138,백화점
이마트신도림점 회코너,"서울특별시 구로구 새말로 97, 지하2층 (구로동, 신도림테크노마트)",서울특별시 구로구 구로동 3-25 이마트신도림점 지하2층 ,190232.524534335,444978.682746138,백화점
이마트신도림점 셀러드코너,"서울특별시 구로구 새말로 97, 지하2층 (구로동, 신도림테크노마트)",서울특별시 구로구 구로동 3-25 이마트신도림점 지하2층 ,190232.524534335,444978.682746138,백화점
이마트신도림점 통닭코너,"서울특별시 구로구 새말로 97, 지하2층 (구로동, 신도림테크노마트)",서울특별시 구로구 구로동 3-25 이마트신도림점 지하2층 ,190232.524534335,444978.682746138,백화점
홈플러스 주식회사 조리제안(신도림점),"서울특별시 구로구 경인로 661 (신도림동, 신도림1차 푸르지오 지하1층 홈플러스내)",서울특별시 구로구 신도림동 337 신도림1차 푸르지오 지하1층 홈플러스내 ,190005.132500398,445250.538868558,백화점
파티세리 뮤흐,"서울특별시 강남구 테헤란로 517, 현대백화점 지하1층 식품관 일부호 (삼성동)",서울특별시 강남구 삼성동 159-7 현대백화점,205210.358779172,445154.42225208,백화점
주바른,"서울특별시 구로구 경인로 662, 지하 2층 (신도림동, 디큐브시티)",서울특별시 구로구 신도림동 692 디큐브시티 ,190107.045415333,445157.626366229,백화점
아띠몽,"서울특별시 구로구 경인로43길 49, B동 1층 (고척동, 고척아이파크)",서울특별시 구로구 고척동 351 고척아이파크 ,187422.915003999,444002.704579788,백화점
프레시테이블 현대백화점 천호점,"서울특별시 강동구 천호대로 1005, 현대백화점 지2층 (천호동)",서울특별시 강동구 천호동 572 현대백화점,210929.919693661,448537.406728283,백화점
연리희재,"서울특별시 영등포구 영중로 15, 타임스퀘어 B1층 (영등포동4가)",서울특별시 영등포구 영등포동4가 442 타임스퀘어 ,191385.057392247,446098.555926507,백화점
룰루요거트(웰거트),"서울특별시 영등포구 영중로 15, 타임스퀘어 지하1층 (영등포동4가)",서울특별시 영등포구 영등포동4가 442 타임스퀘어 ,191385.057392247,446098.555926507,백화점
연희양과점,"서울특별시 영등포구 영중로 15, 타임스퀘어 지하1층 (영등포동4가)",서울특별시 영등포구 영등포동4가 442 타임스퀘어 ,191385.057392247,446098.555926507,백화점
베이크(BAKE),"서울특별시 영등포구 여의대로 108, 더현대서울 지하1층 (여의도동)",서울특별시 영등포구 여의도동 22 파크원 ,193592.000380036,447092.629432527,백화점
언라토커피(UNRATO COFFEE),"서울특별시 영등포구 경인로 846, 롯데백화점 영등포점 5층 (영등포동)",서울특별시 영등포구 영등포동 618-496 영등포 민자역사 ,191741.345847708,445970.307641467,백화점
가족회관 타임스퀘어점,"서울특별시 영등포구 영중로 9, 신세계백화점 타임스퀘어점 지하1층 (영등포동4가)",서울특별시 영등포구 영등포동4가 434-5 신세계백화점 ,191581.500265536,446108.807192753,백화점
인생국수역전김밥,"서울특별시 영등포구 경인로 846, 영등포 민자역사 3층 (영등포동)",서울특별시 영등포구 영등포동 618-496번지 영등포 민자역사 3층 ,191741.345847708,445970.307641467,백화점
슐스타드,"서울특별시 영등포구 경인로 846, 롯데백화점영등포점 3층 (영등포동)",서울특별시 영등포구 영등포동 618-496번지 롯데백화점영등포점 3층 ,191741.345847708,445970.307641467,백화점
어니언수제어묵,"서울특별시 영등포구 경인로 846, 롯데백화점영등포점 지하1층 (영등포동)",서울특별시 영등포구 영등포동 618-496 롯데백화점영등포점 지하1층 ,191741.345847708,445970.307641467,백화점
앤드밀,"서울특별시 영등포구 여의대로 108, 더현대서울  지하1층 (여의도동)",서울특별시 영등포구 여의도동 22 파크원 ,193592.000380036,447092.629432527,백화점
오크우드스모크하우스,"서울특별시 영등포구 여의대로 108, 더현대서울 지하1층 (여의도동)",서울특별시 영등포구 여의도동 22 파크원 ,193592.000380036,447092.629432527,백화점
서울만두 더현대서울점,"서울특별시 영등포구 여의대로 108, 더현대서울 지하1층 (여의도동)",서울특별시 영등포구 여의도동 22 파크원 ,193592.000380036,447092.629432527,백화점
쿡썹,"서울특별시 영등포구 선유로 138, 롯데마트 양평점 1층 (양평동3가)",서울특별시 영등포구 양평동3가 45 롯데마트 양평점 ,190352.321686588,447095.641206789,백화점
유부로 현대백화점 더현대서울점,"서울특별시 영등포구 여의대로 108, 더현대서울 지하1층 (여의도동)",서울특별시 영등포구 여의도동 22 파크원 ,193592.000380036,447092.629432527,백화점
아이엠바오 현대백화점 더현대서울점,"서울특별시 영등포구 여의대로 108, 더현대서울 지하1층 (여의도동)",서울특별시 영등포구 여의도동 22 파크원 ,193592.000380036,447092.629432527,백화점
요즘김밥,"서울특별시 영등포구 여의대로 108, 더현대서울 지하1층 (여의도동)",서울특별시 영등포구 여의도동 22 파크원 ,193592.000380036,447092.629432527,백화점
그래인스쿠키(Grains Cookie),"서울특별시 영등포구 여의대로 108, 더현대서울 지하1층 (여의도동)",서울특별시 영등포구 여의도동 22 파크원 ,193592.000380036,447092.629432527,백화점
주식회사 한정선,"서울특별시 영등포구 여의대로 108, 더현대서울 지하1층 (여의도동)",서울특별시 영등포구 여의도동 22 파크원 ,193592.000380036,447092.629432527,백화점
유키모찌 신세계백화점 타임스퀘어점,"서울특별시 영등포구 영중로 15, 타임스퀘어 지하1층 (영등포동4가)",서울특별시 영등포구 영등포동4가 442 타임스퀘어,191385.057392247,446098.555926507,백화점
옥희분식,"서울특별시 영등포구 경인로 846, 롯데백화점 지하1층 (영등포동)",서울특별시 영등포구 영등포동 618-496 영등포 민자역사 ,191741.345847708,445970.307641467,백화점
아카렌가 베이커리,"서울특별시 영등포구 영중로 9, 신세계백화점 타임스퀘어점 지하1층 (영등포동4가)",서울특별시 영등포구 영등포동4가 434-5 신세계백화점 ,191581.500265536,446108.807192753,백화점
씨유 목동2단지점,"서울특별시 양천구 목동서로 70, 관리동 110~115호 (목동, 목동신시가지아파트2단지)",서울특별시 양천구 목동 902 목동신시가지아파트2단지,188965.738829492,448365.713974147,백화점
오니기리&면공방,"서울특별시 영등포구 경인로 846, 롯데백화점영등포점  3층 (영등포동)",서울특별시 영등포구 영등포동 618-496 영등포 민자역사 ,191741.345847708,445970.307641467,백화점
이십사케이커피(24k coffee),"서울특별시 영등포구 양산로 90-5, 1층 (당산동2가)",서울특별시 영등포구 당산동2가 161-11 ,190474.879851688,446896.116043335,백화점
팥이재,"서울특별시 영등포구 영중로 9, 신세계백화점 리빙관 지하1층 (영등포동4가)",서울특별시 영등포구 영등포동4가 434-5번지 신세계백화점 ,191581.500265536,446108.807192753,백화점
제주흑돈카츠,"서울특별시 영등포구 영중로 9, 신세계백화점 지하1층 (영등포동4가)",서울특별시 영등포구 영등포동4가 434-5 신세계백화점 ,191581.500265536,446108.807192753,백화점
오설록,"서울특별시 영등포구 영중로 15, 신세계타임스퀘어점 패션관 지하1층 (영등포동4가)",서울특별시 영등포구 영등포동4가 442 타임스퀘어 ,191385.057392247,446098.555926507,백화점
앤티앤스,"서울특별시 영등포구 경인로 846, 롯데백화점 영등포점 지하1층 (영등포동)",서울특별시 영등포구 영등포동 618-496번지 영등포 민자역사 ,191741.345847708,445970.307641467,백화점
창화당,"서울특별시 영등포구 영중로 9, 지하1층 (영등포동4가, 신세계백화점)",서울특별시 영등포구 영등포동4가 434-5번지 신세계백화점 지하1층 ,191581.500265536,446108.807192753,백화점
(주)이기스,"서울특별시 영등포구 경인로 846, 10층 (영등포동, 롯데백화점 영등포점)",서울특별시 영등포구 영등포동 618-496 롯데백화점 영등포점 10층 ,191741.345847708,445970.307641467,백화점
모이또피자,"서울특별시 영등포구 경인로 862 (영등포동,롯데백화점 지하1층)",서울특별시 영등포구 영등포동 618-496번지 롯데백화점 지하1층 ,191741.345847708,445970.307641467,백화점
아를르코리아,"서울특별시 영등포구 영중로 9, 지하1층 (영등포동4가, 신세계백화점 영등포점 )",서울특별시 영등포구 영등포동4가 434-5번지 신세계백화점 영등포점 지하1층 ,191581.500265536,446108.807192753,백화점
비알코리아(주)배스킨라빈스타임스퀘어점,"서울특별시 영등포구 영중로 15, 타임스퀘어 지하1층 (영등포동4가)",서울특별시 영등포구 영등포동4가 442 타임스퀘어 ,191385.057392247,446098.555926507,백화점
샤브진,"서울특별시 영등포구 경인로 862 (영등포동,롯데백화점 지하1층)",서울특별시 영등포구 영등포동 618-496번지 롯데백화점 지하1층 ,191741.345847708,445970.307641467,백화점
(주)나무,"서울특별시 영등포구 영중로 15 (영등포동4가, 신세계백화점 지하1층)",서울특별시 영등포구 영등포동4가 442-1번지 신세계백화점 지하1층 ,191527.685754001,446151.005615082,백화점
미이팅,"서울특별시 영등포구 영중로 9, 신세계백화점 지하1층 (영등포동4가)",서울특별시 영등포구 영등포동4가 434-5번지 신세계백화점 ,191581.500265536,446108.807192753,백화점
미향포,"서울특별시 영등포구 영중로 15 (영등포동4가,신세계백화점 영등포점 지하1층)",서울특별시 영등포구 영등포동4가 442-1번지 신세계백화점 영등포점 지하1층 ,191527.685754001,446151.005615082,백화점
(주)키커피코리아,"서울특별시 영등포구 영중로 15 (영등포동4가,신세계백화점 지하1층)",서울특별시 영등포구 영등포동4가 442-1번지 신세계백화점 지하1층 ,191527.685754001,446151.005615082,백화점
킹케밥,"서울특별시 영등포구 경인로 862 (영등포동,영등포롯데백화점 지하1층(일부))",서울특별시 영등포구 영등포동 618-496번지 영등포롯데백화점 지하1층(일부) ,191741.345847708,445970.307641467,백화점
철판미학,"서울특별시 영등포구 경인로 846 (영등포동, 롯데백화점 지하1층)",서울특별시 영등포구 영등포동 618-496 롯데백화점 지하1층 ,191741.345847708,445970.307641467,백화점
유토,"서울특별시 영등포구 경인로 846 (영등포동, 롯데백화점 지하1층)",서울특별시 영등포구 영등포동 618-496 롯데백화점 지하1층 ,191741.345847708,445970.307641467,백화점
야끼토리텐,"서울특별시 영등포구 경인로 846, 지하1층 (영등포동, 롯데백화점)",서울특별시 영등포구 영등포동 618-496번지 롯데백화점 지하1층 ,191741.345847708,445970.307641467,백화점
비스코티하우스,"서울특별시 영등포구 영중로 15 (영등포동4가,신세계영등포점 지하1층)",서울특별시 영등포구 영등포동4가 442-1번지 신세계영등포점 지하1층 ,191527.685754001,446151.005615082,백화점
(주)한국협농에프티씨,,서울특별시 영등포구 영등포동1가 618-496번지 롯데백화점 지하1층 ,,,백화점
에이니(EINI&CAFE 2B),"서울특별시 영등포구 경인로 846, 3층 (영등포동, 롯데백화점)",서울특별시 영등포구 영등포동 618-496번지 롯데백화점 3층 ,191741.345847708,445970.307641467,백화점
아뜨리네 도넛,"서울특별시 영등포구 영중로 9 (영등포동4가,지하1층)",서울특별시 영등포구 영등포동4가 434-5번지 지하1층 ,191581.500265536,446108.807192753,백화점
베이크드아를르,"서울특별시 영등포구 영중로 9 (영등포동4가, 신세계백화점 지하1층)",서울특별시 영등포구 영등포동4가 434-5번지 신세계백화점 지하1층 ,191581.500265536,446108.807192753,백화점
키미김밥,"서울특별시 영등포구 영중로 15, 신세계타임스퀘어점 지하1층 (영등포동4가)",서울특별시 영등포구 영등포동4가 442 타임스퀘어 ,191385.057392247,446098.555926507,백화점
델리스타,"서울특별시 영등포구 영중로 9 (영등포동4가, 신세계백화점 지하1층 행사장)",서울특별시 영등포구 영등포동4가 434-5번지 신세계백화점 지하1층 행사장 ,191581.500265536,446108.807192753,백화점
(주)한정선,"서울특별시 영등포구 여의대로 108, 파크원 지하1층 (여의도동)",서울특별시 영등포구 여의도동 22 파크원 ,193592.000380036,447092.629432527,백화점
우나하우스,"서울특별시 영등포구 여의대로 108, 더현대서울 지하1층 (여의도동)",서울특별시 영등포구 여의도동 22 파크원 ,193592.000380036,447092.629432527,백화점
셰프초이스 시그니처,"서울특별시 강남구 테헤란로 517, 현대백화점 지하1층 (삼성동)",서울특별시 강남구 삼성동 159-7 현대백화점,205210.358779172,445154.42225208,백화점
(주)수화염 롯데백화점 영등포점,"서울특별시 영등포구 경인로 862 (영등포동,롯데백화점 지하1층)",서울특별시 영등포구 영등포동 618-496번지 롯데백화점 지하1층 ,191741.345847708,445970.307641467,백화점
카페리앙,"서울특별시 영등포구 경인로 846 (영등포동, 롯데백화점 8층)",서울특별시 영등포구 영등포동 618-496 롯데백화점 8층,191741.345847708,445970.307641467,백화점
메종원스이어 타임스퀘어점,"서울특별시 영등포구 영중로 15, 타임스퀘어 지하1층 (영등포동4가)",서울특별시 영등포구 영등포동4가 442 타임스퀘어 ,191385.057392247,446098.555926507,백화점
주식회사 파아프,"서울특별시 영등포구 여의대로 108, 더현대서울 지하1층 (여의도동)",서울특별시 영등포구 여의도동 22 파크원 ,193592.000380036,447092.629432527,백화점
강남쌀국수 영등포롯데빅마켓점,"서울특별시 영등포구 영중로 125, 롯데마트 2층 (영등포동8가)",서울특별시 영등포구 영등포동8가 62-1 롯데마트 ,191503.386111551,447289.548355449,백화점
(주)풀무원푸드앤컬처신세계명인만두,"서울특별시 영등포구 영중로 9, 신세계백화점 B관  8층 (영등포동4가)",서울특별시 영등포구 영등포동4가 434-5 신세계백화점 B관 ,191581.500265536,446108.807192753,백화점
상인,"서울특별시 영등포구 경인로 846, 영등포 민자역사 1층 (영등포동)",서울특별시 영등포구 영등포동 618-496 영등포 민자역사 ,191741.345847708,445970.307641467,백화점
앤티앤스,"서울특별시 영등포구 영중로 15, 타임스퀘어 지하1층 (영등포동4가)",서울특별시 영등포구 영등포동4가 442 타임스퀘어 ,191385.057392247,446098.555926507,백화점
방배김밥,"서울특별시 동작구 동작대로27길 59-16, 동성빌딩 1층 (사당동)",서울특별시 동작구 사당동 127-27 동성빌딩 ,198018.748059611,442882.056804992,백화점
주식회사 디피오리,"서울특별시 영등포구 영중로 15, 신세계백화점 지하1층 (영등포동4가)",서울특별시 영등포구 영등포동4가 442 신세계백화점,191385.057392247,446098.555926507,백화점
교토 오니마루(KYOTO ONIMARU),"서울특별시 서초구 신반포로 176, 지하1층 (반포동, 신세계백화점 강남점)",서울특별시 서초구 반포동 19-3,200250.447804795,444683.220506107,백화점
예찬,"서울특별시 관악구 봉천로 209, 롯데백화점 B2층 (봉천동)",서울특별시 관악구 봉천동 729-22 롯데백화점,193301.885808714,443151.561302292,백화점
삼청당 현대백화점 천호점,"서울특별시 강동구 천호대로 1005, 현대백화점 지2층 (천호동)",서울특별시 강동구 천호동 572 현대백화점,210929.919693661,448537.406728283,백화점
스무디킹 뉴코아 강남점,"서울특별시 서초구 잠원로 51, 지하 1층 (잠원동, 뉴코아 강남점)",서울특별시 서초구 잠원동 70-2번지 지하 1층 ,200576.608647619,445241.8984183,백화점
쁘띠아자뷰,"서울특별시 서초구 신반포로 176, 신세계백화점 지하1층 (반포동)",서울특별시 서초구 반포동 19-3번지 신세계백화점 지하1층 ,200250.447804795,444683.220506107,백화점
라메종뒤쇼콜라,"서울특별시 서초구 신반포로 176, 지하 1층 (반포동, 신세계백화점 강남점)",서울특별시 서초구 반포동 19-3번지 신세계백화점 강남점 지하 1층 ,200250.447804795,444683.220506107,백화점
부창제과 강남신세계점,"서울특별시 서초구 신반포로 176, 신세계백화점 강남점 지하1층 (반포동)",서울특별시 서초구 반포동 19-3 신세계백화점 강남점 지하1층 ,200250.447804795,444683.220506107,백화점
"스시도쿠 신세계백화점 강남점, 점심저녁의 강자","서울특별시 서초구 신반포로 176, 신세계백화점 강남점 지하1층 (반포동)",서울특별시 서초구 반포동 19-3 신세계백화점 강남점 지하1층 ,200250.447804795,444683.220506107,백화점
방촌시장 떡볶이,"서울특별시 서초구 신반포로 176 (반포동,신세계백화점 지하1층)",서울특별시 서초구 반포동 19-3 신세계백화점 지하1층,200250.447804795,444683.220506107,백화점
위키그룹,"서울특별시 서초구 신반포로 176 (반포동,신세계백화점강남점 지하1층)",서울특별시 서초구 반포동 19-3번지 신세계백화점강남점 지하1층 ,200250.447804795,444683.220506107,백화점
그린파이브 강남점,"서울특별시 서초구 신반포로 176, 신세계백화점 강남점 지하1층 (반포동)",서울특별시 서초구 반포동 19-3 신세계백화점 강남점 지하1층 ,200250.447804795,444683.220506107,백화점
추박사라면핫도그,"서울특별시 서초구 신반포로 176, 신세계백화점강남점 지하1층 (반포동)",서울특별시 서초구 반포동 19-3번지 지하1층 ,200250.447804795,444683.220506107,백화점
GUOx여경래,"서울특별시 서초구 신반포로 176, 신세계백화점 강남점 지하1층 (반포동)",서울특별시 서초구 반포동 19-3 지하1층,200250.447804795,444683.220506107,백화점
이안만두,"서울특별시 서초구 신반포로 176, 신세계백화점 강남점 지하1층 (반포동)",서울특별시 서초구 반포동 19-3 신세계백화점 강남점 지하1층 ,200250.447804795,444683.220506107,백화점
하나하나,"서울특별시 서초구 신반포로 176, 지하1층 (반포동, 신세계백화점 )",서울특별시 서초구 반포동 19-3 신세계백화점 지하1층,200250.447804795,444683.220506107,백화점
Yummimeal Baby Kitchen (얌이밀베이비키친),"서울특별시 서초구 신반포로 176, 10층 (반포동, 신세계백화점 강남점)",서울특별시 서초구 반포동 19-3 10층 신세계백화점 강남점 ,200250.447804795,444683.220506107,백화점
고래사 신세계(백)강남점,"서울특별시 서초구 신반포로 176, 지하1층 (반포동, 신세계백화점 강남점)",서울특별시 서초구 반포동 19-3번지 지하1층 신세계백화점 강남점 ,200250.447804795,444683.220506107,백화점
한입원바이트,"서울특별시 서초구 신반포로 176, 지하1층 (반포동, 신세계백화점 강남점)",서울특별시 서초구 반포동 19-3번지 신세계백화점 강남점 지하1층 ,200250.447804795,444683.220506107,백화점
에피스틱,"서울특별시 서초구 신반포로 176, 지하1층 (반포동, 신세계백화점강남점)",서울특별시 서초구 반포동 19-3번지 신세계백화점강남점 지하1층 ,200250.447804795,444683.220506107,백화점
스트롭와플하우스,"서울특별시 서초구 신반포로 176, 지하1층 (반포동, 신세계백화점 강남점)",서울특별시 서초구 반포동 19-3 신세계백화점 강남점 지하1층 ,200250.447804795,444683.220506107,백화점
(주)동해식품(집밥예찬),"서울특별시 서초구 서초대로38길 12, 지하2층 (서초동, 롯데마트 서초점 )",서울특별시 서초구 서초동 1498-5번지 롯데마트 서초점 지하2층 ,200440.010811975,443124.671418408,백화점
보일스커피,"서울특별시 서초구 신반포로 176, 지하1층 (반포동, 강남신세계백화점)","서울특별시 서초구 반포동 19-3번지 신세계 백화점, 지하1층 ",200250.447804795,444683.220506107,백화점
델리카 스타(Delica star),"서울특별시 서초구 신반포로 176, 신세계백화점 강남점 지하1층 식품관 (반포동)",서울특별시 서초구 반포동 19-3 신세계백화점 강남점 지하1층 식품관,200250.447804795,444683.220506107,백화점
주식회사 디엔에스,"서울특별시 서초구 신반포로 176, 지하1층 (반포동, 신세계백화점강남점)",서울특별시 서초구 반포동 19-3번지 신세계백화점강남점 지하1층 ,200250.447804795,444683.220506107,백화점
패트릭스와플,"서울특별시 서초구 신반포로 176, 신세계백화점 식품관 지하1층 (반포동)",서울특별시 서초구 반포동 19-3번지 신세계백화점 식품관 ,200250.447804795,444683.220506107,백화점
오설록,"서울특별시 서초구 신반포로 176, 신세계백화점 지하1층 (반포동)",서울특별시 서초구 반포동 19-3번지 신세계백화점 지하1층 ,200250.447804795,444683.220506107,백화점
이새플러스 카페,"서울특별시 서초구 신반포로 176, 5층 (반포동, 신세계 강남점)",서울특별시 서초구 반포동 19-3번지 5층 ,200250.447804795,444683.220506107,백화점
나리꼬모 뉴코아 강남점,"서울특별시 서초구 잠원로 51, 뉴코아 아울렛 강남점 1관 지하1층 (잠원동)",서울특별시 서초구 잠원동 70-2 뉴코아백화점 ,200576.608647619,445241.8984183,백화점
쁘띠이쟈뷰,"서울특별시 서초구 신반포로 176, 신세계백화점 식품관 지하1층 (반포동)",서울특별시 서초구 반포동 19-3 신세계백화점 식품관 지하1층 ,200250.447804795,444683.220506107,백화점
코운코운,"서울특별시 서초구 신반포로 176, 신세계백화점 강남점 지하1층 (반포동)",서울특별시 서초구 반포동 19-3 신세계백화점 강남점 지하1층 ,200250.447804795,444683.220506107,백화점
가리게트(GARIGUETTE),"서울특별시 서초구 신반포로 176, 신세계백화점 강남점 지하1층 (반포동)",서울특별시 서초구 반포동 19-3 센트럴시티 ,200250.447804795,444683.220506107,백화점
베이크 더 샵(BAKE the SHOP),"서울특별시 서초구 신반포로 176, 신세계백화점 강남점 지하1층 (반포동)",서울특별시 서초구 반포동 19-3 센트럴시티 ,200250.447804795,444683.220506107,백화점
한정선,"서울특별시 서초구 신반포로 176, 신세계백화점 강남점 지하1층 (반포동)",서울특별시 서초구 반포동 19-3 신세계백화점 강남점 지하1층 ,200250.447804795,444683.220506107,백화점
르빵 신세계 강남점,"서울특별시 서초구 신반포로 176, 신세계백화점 강남점 지하1층 (반포동)",서울특별시 서초구 반포동 19-3 센트럴시티 ,200250.447804795,444683.220506107,백화점
호두 미나미호리에,"서울특별시 서초구 신반포로 176, 신세계백화점 강남점 지하1층 (반포동)",서울특별시 서초구 반포동 19-3 신세계백화점 강남점 지하1층 ,200250.447804795,444683.220506107,백화점
비텔로 소띠,"서울특별시 서초구 신반포로 176, 신세계백화점  지하1층 (반포동)",서울특별시 서초구 반포동 19-3 신세계백화점 지하1층 ,200250.447804795,444683.220506107,백화점
천우토탈 주식회사,"서울특별시 서초구 잠원로 51, 지하1층 (잠원동)",서울특별시 서초구 잠원동 70-2 지하1층 ,200576.608647619,445241.8984183,백화점
주식회사 맛플러스,"서울특별시 서초구 신반포로 176, 신세계백화점 강남점 키커피 지하1층 (반포동)",서울특별시 서초구 반포동 19-3 센트럴시티 지하1층 ,200250.447804795,444683.220506107,백화점
플리퍼스,"서울특별시 서초구 신반포로 176, 1층 115호 (반포동)",서울특별시 서초구 반포동 19-3 1층 115호 ,200250.447804795,444683.220506107,백화점
오목집 신세계백화점 강남점,"서울특별시 서초구 신반포로 176, 신세계백화점 강남점 지하1층 (반포동)",서울특별시 서초구 반포동 19-3 신세계백화점 강남점 지하1층 ,200250.447804795,444683.220506107,백화점
주식회사 미도,"서울특별시 서초구 신반포로 176, 신세계백화점 강남점 지하1층 (반포동)",서울특별시 서초구 반포동 19-3 센트럴시티 ,200250.447804795,444683.220506107,백화점
미르스타푸드,"서울특별시 서초구 신반포로 176, 신세계백화점 강남점 지하1층 식품관 미트델리코너 (반포동)",서울특별시 서초구 반포동 19-3 신세계백화점 강남점 지하1층 식품관 미트델리코너 ,200250.447804795,444683.220506107,백화점
(주)소담재,"서울특별시 서초구 신반포로 176, 신세계백화점 강남점 지하1층 (반포동)",서울특별시 서초구 반포동 19-3 신세계백화점 강남점 지하1층 ,200250.447804795,444683.220506107,백화점
수퍼 신세계 강남점,"서울특별시 서초구 신반포로 176, 신세계백화점 강남점 지하1층 (반포동)",서울특별시 서초구 반포동 19-3 신세계백화점 강남점 지하1층 ,200250.447804795,444683.220506107,백화점
글라스 빈 Glass bean,"서울특별시 서초구 신반포로 176, 센트럴시티 신세계백화점 식품관 B1층 (반포동)",서울특별시 서초구 반포동 19-3 센트럴시티 신세계백화점 식품관 B1층 ,200250.447804795,444683.220506107,백화점
위트앤미트 신세계백화점 강남점,"서울특별시 서초구 신반포로 176, 신세계백화점 지하1층 (반포동)",서울특별시 서초구 반포동 19-3 신세계백화점 지하1층 ,200250.447804795,444683.220506107,백화점
덕덕덕,"서울특별시 서초구 잠원로 51, 뉴코아백화점 지하1층 (잠원동)",서울특별시 서초구 잠원동 70-2 지하1층 뉴코아백화점 ,200576.608647619,445241.8984183,백화점
주식회사 레꼴케이쿠,"서울특별시 서초구 신반포로 176, 지하1층 (반포동)",서울특별시 서초구 반포동 19-3 지하1층 ,200250.447804795,444683.220506107,백화점
스타푸드,"서울특별시 서초구 신반포로 176, 신세계백화점 강남점 지하1층 (반포동)",서울특별시 서초구 반포동 19-3 신세계백화점 강남점 지하1층 ,200250.447804795,444683.220506107,백화점
해방촌닭 신세계 강남점,"서울특별시 서초구 신반포로 176, 신세계백화점 강남점 지하1층 (반포동)",서울특별시 서초구 반포동 19-3 신세계백화점 강남점 지하1층 ,200250.447804795,444683.220506107,백화점
베즐리,"서울특별시 강남구 압구정로 165, 현대백화점본점 지하1층 (압구정동)",서울특별시 강남구 압구정동 429 현대백화점본점 ,202358.505687227,447232.955697694,백화점
(주)리은푸드,"서울특별시 강남구 도곡로 401, 롯데백화점 지하1층 (대치동)",서울특별시 강남구 대치동 937 롯데백화점 ,204669.543366778,443873.621189048,백화점
마스터키친,"서울특별시 강남구 압구정로 165, 현대백화점본점 지하1층 (압구정동)",서울특별시 강남구 압구정동 429 현대백화점본점 ,202358.505687227,447232.955697694,백화점
행복한 김치,"서울특별시 강남구 테헤란로 517, 현대백화점 지하1층 (삼성동)",서울특별시 강남구 삼성동 159-7 현대백화점 ,205210.358779172,445154.42225208,백화점
행복한 김치,"서울특별시 강남구 압구정로 165, 현대백화점본점 지하1층 (압구정동)",서울특별시 강남구 압구정동 429 현대백화점본점 ,202358.505687227,447232.955697694,백화점
대경쿠로다이,"서울특별시 강남구 테헤란로 517 (삼성동,지하1층)",서울특별시 강남구 삼성동 159-7 지하1층 ,205210.358779172,445154.42225208,백화점
대경쿠로다이,"서울특별시 강남구 압구정로 165 (압구정동,현대백화점 지하1층)",서울특별시 강남구 압구정동 429번지 현대백화점 지하1층 ,202358.505687227,447232.955697694,백화점
후쿠야,"서울특별시 강남구 테헤란로 517 (삼성동,현대백화점무역센터점 지하1층)",서울특별시 강남구 삼성동 159-7번지 현대백화점무역센터점 지하1층 ,205210.358779172,445154.42225208,백화점
파롤앤랑그 갤러리아백화점 압구정점,"서울특별시 강남구 압구정로 343, 갤러리아백화점 지하1층 (압구정동)",서울특별시 강남구 압구정동 494 갤러리아백화점 ,203470.848439305,447369.579851952,백화점
언니가 숨겨놓은 과자상자,"서울특별시 강남구 압구정로 165, 현대백화점본점 지하1층 (압구정동)",서울특별시 강남구 압구정동 429 현대백화점본점 ,202358.505687227,447232.955697694,백화점
삼청당 현대백화점 미아점,"서울특별시 성북구 동소문로 315, 현대백화점미아점 지1층 (길음동)",서울특별시 성북구 길음동 20-1 현대백화점미아점,202466.801084521,456227.571720914,백화점
쿠커피 롯데강남점,"서울특별시 강남구 도곡로 401 (대치동,롯데백화점 지하3층)",서울특별시 강남구 대치동 937-0 롯데백화점 지하3층 ,204669.543366778,443873.621189048,백화점
오차야미테,"서울특별시 강남구 압구정로 343, 갤러리아백화점 지하1층 (압구정동)",서울특별시 강남구 압구정동 494번지 갤러리아백화점 ,203470.848439305,447369.579851952,백화점
뜸들이다 소반,"서울특별시 강남구 테헤란로 517, 현대백화점 지하1층 (삼성동)",서울특별시 강남구 삼성동 159-7 현대백화점 ,205210.358779172,445154.42225208,백화점
시부야,"서울특별시 강남구 테헤란로 517 (삼성동,현대백화점 지하1층)",서울특별시 강남구 삼성동 159-7 현대백화점 지하1층 ,205210.358779172,445154.42225208,백화점
청냉면,"서울특별시 강남구 학동로 343 (논현동,지하1층)",서울특별시 강남구 논현동 119-0번지 지하1층 ,203522.611749323,446136.224971923,백화점
콜롬보,서울특별시 강남구 압구정로 343 (압구정동),서울특별시 강남구 압구정동 494-0번지 ,203470.848439305,447369.579851952,백화점
아띠오레,"서울특별시 강남구 압구정로 201 (압구정동,지하1층)",서울특별시 강남구 압구정동 456-0번지 지하1층 ,202485.226490575,447521.520319158,백화점
(주)오뎅도락,"서울특별시 강남구 테헤란로 517 (삼성동,현대백화점 식품관 지하1층)",서울특별시 강남구 삼성동 159-7 현대백화점 식품관 지하1층 ,205210.358779172,445154.42225208,백화점
아방가르드,"서울특별시 강남구 테헤란로 517, 지하1층 (삼성동, 현대백화점)",서울특별시 강남구 삼성동 159-7번지 ,205210.358779172,445154.42225208,백화점
세영아이테크,"서울특별시 강남구 압구정로 407 (압구정동,지하1층)",서울특별시 강남구 압구정동 515-0번지 지하1층 ,203604.761651873,447316.222786487,백화점
제일,"서울특별시 강남구 도곡로 401, 22호 (대치동,그랜드백화)",서울특별시 강남구 대치동 937-0번지 그랜드백화   22호,204669.543366778,443873.621189048,백화점
타이쇼,"서울특별시 강남구 도곡로 401, 지하1층 (대치동, 롯데백화점)",서울특별시 강남구 대치동 937번지 롯데백화점 지하1층 ,204669.543366778,443873.621189048,백화점
키세키,"서울특별시 강남구 압구정로 165, 지하1층 (압구정동, 현대백화점)",서울특별시 강남구 압구정동 429번지 ,202358.505687227,447232.955697694,백화점
(주)한입원바이트,"서울특별시 강남구 테헤란로 517, 지하1층 (삼성동, 현대백화점)",서울특별시 강남구 삼성동 159-7 ,205210.358779172,445154.42225208,백화점
프라자,서울특별시 강남구 영동대로 511 (삼성동),서울특별시 강남구 삼성동 159-1번지 ,205340.631121567,445354.571117445,백화점
무역센타현대백화점,"서울특별시 강남구 영동대로 511, 1호 (삼성동,한무쇼핑)",서울특별시 강남구 삼성동 159-1 한무쇼핑    1호,205340.631121567,445354.571117445,백화점
안젤로,"서울특별시 강남구 언주로30길 57, 상가동 지하1층 (도곡동, 신세계스타슈퍼)",서울특별시 강남구 도곡동 467-17번지 ,204749.304517964,443058.194678364,백화점
(주)랍스터바,"서울특별시 강남구 압구정로 165, 지하1층 (압구정동, 현대백화점본점)",서울특별시 강남구 압구정동 429번지 ,202358.505687227,447232.955697694,백화점
그라놀로지,"서울특별시 강남구 압구정로 165, 지하1층 (압구정동, 현대백화점 식품관)",서울특별시 강남구 압구정동 429번지 ,202358.505687227,447232.955697694,백화점
한국맥도날드(유) 코엑스점,"서울특별시 강남구 영동대로 513, 지하1층 (삼성동, 코엑스점)",서울특별시 강남구 삼성동 159 ,205130.591678902,445590.096837802,백화점
카페 에이치(현대백화점 무역센타점),"서울특별시 강남구 테헤란로 517, 7층 (삼성동, 현대백화점)",서울특별시 강남구 삼성동 159-7번지 ,205210.358779172,445154.42225208,백화점
경주빵(주)삼오물산,"서울특별시 강남구 테헤란로 517 (삼성동,지하1층)",서울특별시 강남구 삼성동 159-7 지하1층 ,205210.358779172,445154.42225208,백화점
카린토만주,"서울특별시 강남구 테헤란로 517 (삼성동,현대백화점 지하1층)",서울특별시 강남구 삼성동 159-7 현대백화점 지하1층 ,205210.358779172,445154.42225208,백화점
전주비빔밥,"서울특별시 강남구 테헤란로 517 (삼성동,현대백화점지하1층식품부)",서울특별시 강남구 삼성동 159-7 현대백화점지하1층식품부 ,205210.358779172,445154.42225208,백화점
(주)지노믹스,"서울특별시 강남구 도곡로 401 (대치동,롯데백화점 지하1층)",서울특별시 강남구 대치동 937번지 롯데백화점 지하1층 ,204669.543366778,443873.621189048,백화점
우츄진 강남롯데백화점점,"서울특별시 강남구 도곡로 401, 롯데백화점 지하1층 (대치동)",서울특별시 강남구 대치동 937 롯데백화점 ,204669.543366778,443873.621189048,백화점
잇타이플러스,"서울특별시 강남구 도곡로 401, 롯데백화점 지하1층 (대치동)",서울특별시 강남구 대치동 937 롯데백화점 ,204669.543366778,443873.621189048,백화점
팔팔주스,서울특별시 강남구 압구정로 165 (압구정동),서울특별시 강남구 압구정동 429번지 ,202358.505687227,447232.955697694,백화점
(주)코아인코포레이티드,"서울특별시 강남구 언주로30길 57 (도곡동,타워팰리스 지하1층)",서울특별시 강남구 도곡동 467-17 타워팰리스 지하1층 ,204749.304517964,443058.194678364,백화점
로하디,"서울특별시 강남구 테헤란로 517 (삼성동,지하1층)",서울특별시 강남구 삼성동 159-7 지하1층 ,205210.358779172,445154.42225208,백화점
버거프로젝트,"서울특별시 강남구 테헤란로 517 (삼성동,현대백화점 지하1층)",서울특별시 강남구 삼성동 159-7 현대백화점 지하1층 ,205210.358779172,445154.42225208,백화점
리안스베이글(주),"서울특별시 강남구 도곡로 401, 지하1층 B1호 (대치동, 롯데백화점)",서울특별시 강남구 대치동 937번지 ,204669.543366778,443873.621189048,백화점
파챠이교자,"서울특별시 강남구 테헤란로 517, 지하1층 (삼성동, 현대백화점)",서울특별시 강남구 삼성동 159-7 ,205210.358779172,445154.42225208,백화점
바리,"서울특별시 강남구 테헤란로 517, 현대백화점 지하1층 (삼성동)",서울특별시 강남구 삼성동 159-7 현대백화점 ,205210.358779172,445154.42225208,백화점
아사이베리쿡,"서울특별시 강남구 테헤란로 517, 지하1층 (삼성동, 현대백화점 무역센터점)",서울특별시 강남구 삼성동 159-7 현대백화점 무역센터점 지하1층 ,205210.358779172,445154.42225208,백화점
함흥면옥,"서울특별시 강남구 도곡로 401, 롯데백화점 지하1층 (대치동)",서울특별시 강남구 대치동 937번지 롯데백화점 ,204669.543366778,443873.621189048,백화점
원기정,"서울특별시 강남구 테헤란로 517, 지하1층 (삼성동, 현대백화점 무역센터점)",서울특별시 강남구 삼성동 159-7 ,205210.358779172,445154.42225208,백화점
레빗브레드,"서울특별시 강남구 테헤란로 517, 지하1층 (삼성동)",서울특별시 강남구 삼성동 159-7 현대백화점 ,205210.358779172,445154.42225208,백화점
제주김만복 현대백화점 삼성점,"서울특별시 강남구 테헤란로 517, 현대백화점 지하1층 (삼성동)",서울특별시 강남구 삼성동 159-7 현대백화점 ,205210.358779172,445154.42225208,백화점
라메종뒤쇼콜라,"서울특별시 강남구 압구정로 343, 지하1층 (압구정동, 갤러리아백화점)",서울특별시 강남구 압구정동 494번지 ,203470.848439305,447369.579851952,백화점
제주부엌,"서울특별시 강남구 테헤란로 517, 지하1층 (삼성동, 현대백화점)",서울특별시 강남구 삼성동 159-7 ,205210.358779172,445154.42225208,백화점
도시곳간 무역센터점,"서울특별시 강남구 테헤란로 517, 현대백화점 지하1층 (삼성동)",서울특별시 강남구 삼성동 159-7 현대백화점,205210.358779172,445154.42225208,백화점
(주)수지스,"서울특별시 강남구 압구정로 165 (압구정동,현대백화점본점 지하1층)",서울특별시 강남구 압구정동 429-0번지 현대백화점본점 지하1층 ,202358.505687227,447232.955697694,백화점
스무시 하우스,"서울특별시 강남구 테헤란로 517, 지하1층 (삼성동, 현대백화점 무역센터점)",서울특별시 강남구 삼성동 159-7 지하1층 ,205210.358779172,445154.42225208,백화점
아모리노,"서울특별시 강남구 압구정로 165, 지하1층 (압구정동, 현대백화점본점)",서울특별시 강남구 압구정동 429번지 ,202358.505687227,447232.955697694,백화점
김경자 원조칼국수,"서울특별시 강남구 테헤란로 517, 지하1층 (삼성동, 현대백화점무역센터점)",서울특별시 강남구 삼성동 159-7번지 현대백화점무역센터점 지하1층 ,205210.358779172,445154.42225208,백화점
브레들리,"서울특별시 강남구 도곡로 401, 지하1층 (대치동, 롯데백화점강남점)",서울특별시 강남구 대치동 937번지 ,204669.543366778,443873.621189048,백화점
옛날손짜장,"서울특별시 강남구 도곡로 401 (대치동,(지하1층))",서울특별시 강남구 대치동 937-0번지 (지하1층) ,204669.543366778,443873.621189048,백화점
멀티스낵샵,"서울특별시 강남구 압구정로 343 (압구정동,갤러리아백화점지하1층)",서울특별시 강남구 압구정동 494-0번지 갤러리아백화점지하1층 ,203470.848439305,447369.579851952,백화점
토브농산(주),"서울특별시 강남구 언주로30길 57 (도곡동,타워팰리스지하1층)",서울특별시 강남구 도곡동 467-17 타워팰리스지하1층 ,204749.304517964,443058.194678364,백화점
롤링스시,"서울특별시 강남구 테헤란로 517, 지하1층 (삼성동, 현대백화점 무역센터점)",서울특별시 강남구 삼성동 159-7번지 ,205210.358779172,445154.42225208,백화점
현대백화점(삼성무역점),"서울특별시 강남구 테헤란로 517 (삼성동,현대백화점지하1층)",서울특별시 강남구 삼성동 159-7번지 현대백화점지하1층 ,205210.358779172,445154.42225208,백화점
현대백화점,서울특별시 강남구 압구정로 165 (압구정동),서울특별시 강남구 압구정동 429-0번지 ,202358.505687227,447232.955697694,백화점
베리블릿,"서울특별시 강남구 도곡로 401, 지하1층 (대치동, 롯데백화점 강남점)",서울특별시 강남구 대치동 937번지 ,204669.543366778,443873.621189048,백화점
서경엔터프라이즈,"서울특별시 강남구 압구정로 165 (압구정동,현대백화점 지하1층)",서울특별시 강남구 압구정동 429-0번지 현대백화점 지하1층 ,202358.505687227,447232.955697694,백화점
그린푸드,"서울특별시 강남구 압구정로 165 (압구정동,현대백화점 지하1층)",서울특별시 강남구 압구정동 429-0번지 현대백화점 지하1층 ,202358.505687227,447232.955697694,백화점
빠스,"서울특별시 강남구 테헤란로 517 (삼성동,현대백화점 지하1층)",서울특별시 강남구 삼성동 159-7 현대백화점 지하1층 ,205210.358779172,445154.42225208,백화점
에이비피코리아주식회사,"서울특별시 강남구 테헤란로 517 (삼성동,지하1층)",서울특별시 강남구 삼성동 159-7 지하1층 ,205210.358779172,445154.42225208,백화점
샹하이델리,"서울특별시 강남구 압구정로 165 (압구정동,현대백화점지하1층)",서울특별시 강남구 압구정동 429-0번지 현대백화점지하1층 ,202358.505687227,447232.955697694,백화점
그린5(무역점),"서울특별시 강남구 테헤란로 517 (삼성동,현대백화점지하1층)",서울특별시 강남구 삼성동 159-7번지 현대백화점지하1층 ,205210.358779172,445154.42225208,백화점
(주)피씨케이글로벌(몽쉘),"서울특별시 강남구 테헤란로 517 (삼성동,현대백화점 지하1층)",서울특별시 강남구 삼성동 159-7 현대백화점 지하1층 ,205210.358779172,445154.42225208,백화점
금왕과비,"서울특별시 강남구 도곡로 401 (대치동,롯데백화점 지하1층)",서울특별시 강남구 대치동 937-0번지 롯데백화점 지하1층 ,204669.543366778,443873.621189048,백화점
만나랑,"서울특별시 강남구 테헤란로 517 (삼성동,지하1층)",서울특별시 강남구 삼성동 159-7 지하1층 ,205210.358779172,445154.42225208,백화점
하하초밥,"서울특별시 강남구 테헤란로 517 (삼성동,지하1층)",서울특별시 강남구 삼성동 159-7번지 지하1층 ,205210.358779172,445154.42225208,백화점
선우유통,"서울특별시 강남구 압구정로 343 (압구정동,갤러리아백화점지하1층)",서울특별시 강남구 압구정동 494-0번지 갤러리아백화점지하1층 ,203470.848439305,447369.579851952,백화점
후르츠밸리,"서울특별시 강남구 압구정로 343 (압구정동,갤러리아백화점식품부지하1층)",서울특별시 강남구 압구정동 494-0번지 갤러리아백화점식품부지하1층 ,203470.848439305,447369.579851952,백화점
(주)다정한 떡볶이 가게,"서울특별시 강남구 테헤란로 517 (삼성동,현대백화점지하1층)",서울특별시 강남구 삼성동 159-7번지 현대백화점지하1층 ,205210.358779172,445154.42225208,백화점
기야마,"서울특별시 강남구 테헤란로 517 (삼성동,현대백화점 지하1층)",서울특별시 강남구 삼성동 159-7 현대백화점 지하1층 ,205210.358779172,445154.42225208,백화점
프레쉬 테이블,"서울특별시 강남구 압구정로 165, 현대백화점본점 지하1층 (압구정동)",서울특별시 강남구 압구정동 429 현대백화점본점 ,202358.505687227,447232.955697694,백화점
어부의 밥상,"서울특별시 강남구 압구정로 165, 현대백화점본점 지하1층 (압구정동)",서울특별시 강남구 압구정동 429 현대백화점본점 ,202358.505687227,447232.955697694,백화점
솥밥예찬,"서울특별시 강남구 테헤란로 231, 센터필드 지하2층 WB07호 (역삼동)",서울특별시 강남구 역삼동 676 센터필드 ,203599.062771687,444556.062267296,백화점
프레쉬 테이블(FRESH TABLE),"서울특별시 강남구 테헤란로 517, 현대백화점 지하1층 (삼성동)",서울특별시 강남구 삼성동 159-7 현대백화점 ,205210.358779172,445154.42225208,백화점
홉슈크림,"서울특별시 강남구 도곡로 401, 롯데백화점 지하1층 (대치동)",서울특별시 강남구 대치동 937 롯데백화점 ,204669.543366778,443873.621189048,백화점
윤이재,"서울특별시 강남구 언주로30길 57, 타워팰리스 상가동 지하1층 (도곡동, 타워팰리스)",서울특별시 강남구 도곡동 467-17 타워팰리스 ,204749.304517964,443058.194678364,백화점
동원산업(주),"서울특별시 중구 청계천로 400, 지하2층 (황학동, 롯데캐슬베네치아)",서울특별시 중구 황학동 2545 롯데캐슬베네치아,201823.908977364,452076.818664092,백화점
샐러드스탑 압구정현대점,"서울특별시 강남구 압구정로 165, 현대백화점본점 지하1층 (압구정동)",서울특별시 강남구 압구정동 429번지 현대백화점본점 ,202358.505687227,447232.955697694,백화점
"주식회사 콜(Kohl,Inc.)","서울특별시 강남구 테헤란로 517, 현대백화점 지하1층 (삼성동)",서울특별시 강남구 삼성동 159-7 현대백화점 ,205210.358779172,445154.42225208,백화점
도제 롯데백화점 강남점,"서울특별시 강남구 도곡로 401, 롯데백화점 지하1층 (대치동)",서울특별시 강남구 대치동 937 롯데백화점 ,204669.543366778,443873.621189048,백화점
순순,"서울특별시 광진구 능동로 92, 롯데백화점 지하1층층 (자양동)",서울특별시 광진구 자양동 227-342 롯데백화점,206217.434726027,448506.218743834,백화점
밀알 호두 과자,"서울특별시 강남구 도곡로 401, 롯데백화점 강남점 지하1층 지하식품 행사장 (대치동)",서울특별시 강남구 대치동 937 롯데백화점 ,204669.543366778,443873.621189048,백화점
딜라잇쌈 롯데백화점 강남점(delight SSAM),"서울특별시 강남구 도곡로 401, 롯데백화점 지하1층 (대치동)",서울특별시 강남구 대치동 937 롯데백화점 ,204669.543366778,443873.621189048,백화점
오크베리(OAKBERRY),"서울특별시 강남구 압구정로 343, 갤러리아백화점 명품관 지하1층 (압구정동)",서울특별시 강남구 압구정동 494 갤러리아백화점 ,203470.848439305,447369.579851952,백화점
오크베리(OAKBERRY),"서울특별시 강남구 테헤란로 517, 현대백화점 본관 지하1층 (삼성동)",서울특별시 강남구 삼성동 159-7 현대백화점 ,205210.358779172,445154.42225208,백화점
마스터쿡 갤러리아백화점 압구정점,"서울특별시 강남구 압구정로 343, 갤러리아백화점 지하1층 (압구정동)",서울특별시 강남구 압구정동 494 갤러리아백화점 ,203470.848439305,447369.579851952,백화점
이스터에그,"서울특별시 강남구 도곡로 401, 롯데백화점 지하1층 (대치동)",서울특별시 강남구 대치동 937 롯데백화점 ,204669.543366778,443873.621189048,백화점
스시락쿠엔 명품관점,"서울특별시 강남구 압구정로 343, 갤러리아백화점 지하1층 (압구정동)",서울특별시 강남구 압구정동 494 갤러리아백화점 ,203470.848439305,447369.579851952,백화점
Z롤앤오니기리,"서울특별시 강남구 압구정로 343, 지하1층 (압구정동, 갤러리아백화점)",서울특별시 강남구 압구정동 494번지 ,203470.848439305,447369.579851952,백화점
(주)현대백화점,서울특별시 강남구 압구정로 165 (압구정동),서울특별시 강남구 압구정동 429-0 ,202358.505687227,447232.955697694,백화점
라비올,"서울특별시 강남구 테헤란로 517, 지하1층 (삼성동, 현대백화점 무역점)",서울특별시 강남구 삼성동 159-7 현대백화점 지하 1층 행사장 ,205210.358779172,445154.42225208,백화점
서울만두 현대무역센터점,"서울특별시 강남구 테헤란로 517, B1층 (삼성동, 현대백화점 무역센터점)",서울특별시 강남구 삼성동 159-7 현대백화점 무역센터점 B1층 ,205210.358779172,445154.42225208,백화점
마이알레,"서울특별시 강남구 테헤란로 517, 현대백화점 지상5층 (삼성동)",서울특별시 강남구 삼성동 159-7번지 현대백화점 ,205210.358779172,445154.42225208,백화점
꾸온 현대백화점 압구정본점(cuon),"서울특별시 강남구 압구정로 165, 현대백화점본점 지하1층 (압구정동)",서울특별시 강남구 압구정동 429 현대백화점본점 ,202358.505687227,447232.955697694,백화점
담미,"서울특별시 강남구 압구정로 165, 현대백화점본점 지하1층 (압구정동)",서울특별시 강남구 압구정동 429 현대백화점본점,202358.505687227,447232.955697694,백화점
찬합 현대백화점무역점,"서울특별시 강남구 테헤란로 517, 현대백화점 지하1층 (삼성동)",서울특별시 강남구 삼성동 159-7 현대백화점 ,205210.358779172,445154.42225208,백화점
베이글리스트 현대백화점 압구정본점,"서울특별시 강남구 압구정로 165, 현대백화점본점 지하1층 (압구정동)",서울특별시 강남구 압구정동 429 현대백화점본점 ,202358.505687227,447232.955697694,백화점
오크베리(OAKBERRY),"서울특별시 강남구 압구정로 165, 현대백화점본점 지하1층 (압구정동)",서울특별시 강남구 압구정동 429 현대백화점본점 ,202358.505687227,447232.955697694,백화점
말똥도넛,"서울특별시 강남구 테헤란로 517, 현대백화점 지하1층 (삼성동)",서울특별시 강남구 삼성동 159-7 현대백화점 ,205210.358779172,445154.42225208,백화점
쁘띠이자뷰,"서울특별시 강남구 도곡로 401, 롯데백화점 지하1층 (대치동)",서울특별시 강남구 대치동 937번지 롯데백화점 ,204669.543366778,443873.621189048,백화점
명가오향족발,"서울특별시 강남구 압구정로 165, 현대백화점본점 식품관  지하1층 (압구정동)",서울특별시 강남구 압구정동 429번지 현대백화점본점 ,202358.505687227,447232.955697694,백화점
와인앤푸드 치즈샵,"서울특별시 강남구 언주로30길 57, 상가동 지하1층 식품관호 (도곡동, 타워팰리스)",서울특별시 강남구 도곡동 467-17 타워팰리스 ,204749.304517964,443058.194678364,백화점
롤스롤스강남점,"서울특별시 강남구 도곡로 401, 롯데백화점 지하1층 (대치동)",서울특별시 강남구 대치동 937 롯데백화점 ,204669.543366778,443873.621189048,백화점
야키토리 하포우,"서울특별시 강남구 압구정로 343, 갤러리아백화점 명품관 지하1층 (압구정동)",서울특별시 강남구 압구정동 494 갤러리아백화점 ,203470.848439305,447369.579851952,백화점
하이구슬,"서울특별시 강남구 도곡로 401, 롯데백화점 지하1층 (대치동)",서울특별시 강남구 대치동 937 롯데백화점 ,204669.543366778,443873.621189048,백화점
메가감자 현대무역센터점,"서울특별시 강남구 테헤란로 517, 현대백화점 지하1층 (삼성동)",서울특별시 강남구 삼성동 159-7 현대백화점 ,205210.358779172,445154.42225208,백화점
리찬방,"서울특별시 강남구 테헤란로 517, 현대백화점 지하1층 (삼성동)",서울특별시 강남구 삼성동 159-7 현대백화점 ,205210.358779172,445154.42225208,백화점
마키_산다이,"서울특별시 강남구 테헤란로 517, 현대백화점 지하1층 (삼성동)",서울특별시 강남구 삼성동 159-7 현대백화점 ,205210.358779172,445154.42225208,백화점
심샤오빙,"서울특별시 강남구 테헤란로 517, 현대백화점 지하1층 (삼성동)",서울특별시 강남구 삼성동 159-7 현대백화점 ,205210.358779172,445154.42225208,백화점
키쉬미뇽,"서울특별시 강남구 테헤란로 517, 현대백화점 지하1층 (삼성동)",서울특별시 강남구 삼성동 159-7 현대백화점 ,205210.358779172,445154.42225208,백화점
샤브테이블,"서울특별시 송파구 올림픽로 240, 롯데백화점 잠실점 지하1층 (잠실동)",서울특별시 송파구 잠실동 40-1 롯데월드 ,208589.363343145,445455.90405262,백화점
멜로드도산,"서울특별시 송파구 올림픽로 240, 롯데월드 지하1층 (잠실동)",서울특별시 송파구 잠실동 40-1 롯데월드 ,208589.363343145,445455.90405262,백화점
마마쿡 롯데백화점 잠실점,"서울특별시 송파구 올림픽로 240, 롯데백화점 잠실점 지하1층 (잠실동)",서울특별시 송파구 잠실동 40-1 롯데월드 ,208589.363343145,445455.90405262,백화점
이구복교자,서울특별시 송파구 올림픽로 240 (잠실동),서울특별시 송파구 잠실동 40-1번지 ,208589.363343145,445455.90405262,백화점
(주)신원씨푸드,"서울특별시 송파구 올림픽로 240, 지하1층 (잠실동, 롯데백화점 잠실점)",서울특별시 송파구 잠실동 40-1번지 ,208589.363343145,445455.90405262,백화점
일품향,"서울특별시 송파구 올림픽로 240 (잠실동,잠실점)",서울특별시 송파구 잠실동 40-1번지 잠실점 ,208589.363343145,445455.90405262,백화점
영양죽코너,"서울특별시 송파구 올림픽로 240 (잠실동,잠실점)",서울특별시 송파구 잠실동 40-1번지 잠실점 ,208589.363343145,445455.90405262,백화점
미전초밥,서울특별시 송파구 올림픽로 240 (잠실동),서울특별시 송파구 잠실동 40-1번지 ,208589.363343145,445455.90405262,백화점
밀모아만두,서울특별시 송파구 올림픽로 240 (잠실동),서울특별시 송파구 잠실동 40-1번지 ,208589.363343145,445455.90405262,백화점
온더보더 이태원점,"서울특별시 송파구 올림픽로 240, 롯데백화점 잠실점 B1층 (잠실동)",서울특별시 송파구 잠실동 40-1번지 롯데월드 ,208589.363343145,445455.90405262,백화점
오정원(셰프코리아),"서울특별시 송파구 올림픽로 240, 롯데백화점 잠실점 지하1층 (잠실동)",서울특별시 송파구 잠실동 40-1번지 롯데월드 ,208589.363343145,445455.90405262,백화점
떡볶이 달인 쫄봉이,"서울특별시 송파구 충민로 66, 가든파이브라이프(현대백화점) 지하1층 (문정동)",서울특별시 송파구 문정동 634 가든파이브라이프 ,210986.460698452,441725.293491662,백화점
호두앤,"서울특별시 송파구 충민로 66, 현대시티몰 가든파이브점 아울렛관 B1층 (문정동)",서울특별시 송파구 문정동 634 가든파이브라이프 ,210986.460698452,441725.293491662,백화점
잣품은 그집호두과자,"서울특별시 송파구 올림픽로 240, 롯데월드 B1층 (잠실동)",서울특별시 송파구 잠실동 40-1 롯데월드 ,208589.363343145,445455.90405262,백화점
유천냉면 NC송파점,"서울특별시 송파구 충민로 66, 가든파이브라이프 엔씨백화점 영관 2층 (문정동)",서울특별시 송파구 문정동 634 가든파이브라이프 ,210986.460698452,441725.293491662,백화점
탄탄면 공방,"서울특별시 송파구 충민로 66, 엔씨백화점 영관 2층 (문정동)",서울특별시 송파구 문정동 634 가든파이브라이프 ,210986.460698452,441725.293491662,백화점
데일리식품,"서울특별시 송파구 올림픽로 240, 롯데백화점 잠실점 지하1층 (잠실동)",서울특별시 송파구 잠실동 40-1 롯데월드 ,208589.363343145,445455.90405262,백화점
요거티아,"서울특별시 송파구 충민로 66, 가든파이브라이프 지하1층 (문정동)",서울특별시 송파구 문정동 634 가든파이브라이프 ,210986.460698452,441725.293491662,백화점
미식연구가 김인복 김치,"서울특별시 송파구 올림픽로 240, 롯데백화점 식품관 지하1층 (잠실동)",서울특별시 송파구 잠실동 40-1 롯데월드 ,208589.363343145,445455.90405262,백화점
유부로 현대 미아점,"서울특별시 성북구 동소문로 315, 현대백화점미아점 지하1층 (길음동)",서울특별시 성북구 길음동 20-1 현대백화점미아점,202466.801084521,456227.571720914,백화점
모모유부 천호현대,"서울특별시 강동구 천호대로 1005, 현대백화점 지2층 (천호동)",서울특별시 강동구 천호동 572 현대백화점 ,210929.919693661,448537.406728283,백화점
와사비그린(강남점),"서울특별시 서초구 신반포로 176, 신세계백화점 강남점 지하1층 식품관 (반포동)",서울특별시 서초구 반포동 19-3 신세계백화점 강남점 지하1층 식품관,200250.447804795,444683.220506107,백화점
용형수산,"서울특별시 강동구 양재대로 1630 (명일동,지에스수퍼)",서울특별시 강동구 명일동 312-99 지에스수퍼 ,212676.162193508,449910.881572138,백화점
더정 우롱티프로젝트 신세계강남점(DEJENG OOLONG TEA PROJECT),"서울특별시 서초구 신반포로 176, 신세계백화점 강남점 지하1층 (반포동)",서울특별시 서초구 반포동 19-3 신세계백화점 강남점 지하1층,200250.447804795,444683.220506107,백화점
하이미엘현대백화점천호점,"서울특별시 강동구 천호대로 1005, 현대백화점 지2층 (천호동)",서울특별시 강동구 천호동 572 현대백화점 ,210929.919693661,448537.406728283,백화점
레어마카롱(RARE MACARONS),"서울특별시 강동구 천호대로 1005, 현대백화점 지2층 (천호동)",서울특별시 강동구 천호동 572 현대백화점 ,210929.919693661,448537.406728283,백화점
궁떡 이마트천호점,"서울특별시 강동구 천호대로 1017, 이마트 지1층 (천호동)",서울특별시 강동구 천호동 454-1 이마트 ,211025.924972294,448495.189151526,백화점
다이버츄,"서울특별시 강동구 천호대로 1005, 현대백화점 지2층 (천호동)",서울특별시 강동구 천호동 572 현대백화점 ,210929.919693661,448537.406728283,백화점
아띠몽,"서울특별시 강동구 천호대로 1005, 현대백화점 지2층 (천호동)",서울특별시 강동구 천호동 572 현대백화점 ,210929.919693661,448537.406728283,백화점
서울만두express,"서울특별시 강동구 천호대로 1005, 현대백화점 지2층 (천호동)",서울특별시 강동구 천호동 572 현대백화점 ,210929.919693661,448537.406728283,백화점
아포포키친(천호점),"서울특별시 강동구 천호대로 1005, 현대백화점 지하2층 (천호동)",서울특별시 강동구 천호동 572 현대백화점 ,210929.919693661,448537.406728283,백화점
주)둥구나무,"서울특별시 강동구 천호대로 1005, 지하2층 (천호동, 현대백화점 천호점)",서울특별시 강동구 천호동 455-8번지 ,210929.919693661,448537.406728283,백화점
조앤더주스 천호점,"서울특별시 강동구 천호대로 1005, 지하2층 (천호동, 현대백화점 천호점)",서울특별시 강동구 천호동 455-8 ,210929.919693661,448537.406728283,백화점
앤티앤스,"서울특별시 강동구 천호대로 1017, 이마트 1층 (천호동)",서울특별시 강동구 천호동 454-1 이마트 ,211025.924972294,448495.189151526,백화점
옥희분식,"서울특별시 노원구 동일로 1414, 롯데백화점 지하1층 식품관호 (상계동)",서울특별시 노원구 상계동 713 롯데백화점,205320.28476675,461419.881795004,백화점
(주)성찬 웰빙부산어묵,"서울특별시 강남구 언주로30길 57, 상가동 지하1층 (도곡동, 타워팰리스)",서울특별시 강남구 도곡동 467-17 타워팰리스,204749.304517964,443058.194678364,백화점
트위스트또돗,"서울특별시 성북구 동소문로 315, 현대백화점미아점 지하1층 (길음동)",서울특별시 성북구 길음동 20-1 현대백화점미아점,202466.801084521,456227.571720914,백화점
델리카가,"서울특별시 노원구 노원로 330 (중계동, 롯데마트)",서울특별시 노원구 중계동 517 롯데마트,206132.432496938,460549.311157153,백화점
베이글리스트 롯데백화점 잠실점,"서울특별시 송파구 올림픽로 240, 롯데백화점 잠실점 지하1층 일부 (잠실동)",서울특별시 송파구 잠실동 40-1 롯데월드,208589.363343145,445455.90405262,백화점
라크루뜨 서울 롯데백화점 잠실점,"서울특별시 송파구 올림픽로 240, 롯데백화점 잠실점 지하1층 일부 (잠실동)",서울특별시 송파구 잠실동 40-1 롯데월드,208589.363343145,445455.90405262,백화점
꾸온 더현대서울(CUON),"서울특별시 영등포구 여의대로 108, 파크원 지하1층 (여의도동)",서울특별시 영등포구 여의도동 22 파크원,193592.000380036,447092.629432527,백화점
예찬,"서울특별시 광진구 능동로 92, 롯데백화점 지하1층 (자양동)",서울특별시 광진구 자양동 227-342 롯데백화점,206217.434726027,448506.218743834,백화점
예찬,"서울특별시 동대문구 왕산로 214, 청량리역,롯데백화점 지하2층 (전농동)","서울특별시 동대문구 전농동 591-92 청량리역,롯데백화점",204081.282117393,453187.395154017,백화점
스위트젠,"서울특별시 송파구 충민로 66, 가든파이브라이프 지하1층 TB1091호 (문정동)",서울특별시 송파구 문정동 634 가든파이브라이프,210986.460698452,441725.293491662,백화점
이포어묵 목동점,"서울특별시 양천구 목동동로 257, 지하2층 (목동, 현대하이페리온)",서울특별시 양천구 목동 916 현대하이페리온,188884.075622342,447186.888604306,백화점
와플샵 현대천호점,"서울특별시 강동구 천호대로 1005, 현대백화점 지2층 (천호동)",서울특별시 강동구 천호동 572 현대백화점,210929.919693661,448537.406728283,백화점
소담생과방(롯데마트 청량리점),"서울특별시 동대문구 왕산로 214, 롯데마트 4층 (전농동)","서울특별시 동대문구 전농동 591-92 청량리역,롯데백화점",204081.282117393,453187.395154017,백화점
오크베리(OAKBERRY) - 현대목동점,"서울특별시 양천구 목동동로 257, 지하2층 (목동, 현대하이페리온)",서울특별시 양천구 목동 916 현대하이페리온,188884.075622342,447186.888604306,백화점
롯데쇼핑(주)잠실점,"서울특별시 송파구 올림픽로 240, 롯데백화점 잠실점 지하1층 (잠실동)",서울특별시 송파구 잠실동 40-1 롯데월드,208589.363343145,445455.90405262,백화점
공차 목동행복한점,"서울특별시 양천구 목동동로 309, 행복한 백화점 ((주)중소기업유통센터) 1층 (목동)",서울특별시 양천구 목동 917-6 행복한 백화점 ((주)중소기업유통센터),188977.171050288,447466.355031447,백화점
비첸향 현대무역점,"서울특별시 강남구 테헤란로 517, 지하1층 (삼성동, 현대백화점)",서울특별시 강남구 삼성동 159-7 현대백화점 지하1층,205210.358779172,445154.42225208,백화점
롤라리틀베이커리,"서울특별시 강남구 테헤란로 517, 현대백화점 무역점 지하1층 (삼성동)",서울특별시 강남구 삼성동 159-7 현대백화점,205210.358779172,445154.42225208,백화점
더프리미엄,"서울특별시 강남구 압구정로 165, 현대백화점본점 지하1층 (압구정동)",서울특별시 강남구 압구정동 429 현대백화점본점,202358.505687227,447232.955697694,백화점
마사비스(MERCER bis),"서울특별시 강남구 압구정로 165, 현대백화점본점 지하1층 (압구정동)",서울특별시 강남구 압구정동 429 현대백화점본점,202358.505687227,447232.955697694,백화점
장도 더현대서울점(張濤 ),"서울특별시 영등포구 여의대로 108, 더현대서울 지하1층 (여의도동)",서울특별시 영등포구 여의도동 22 파크원,193592.000380036,447092.629432527,백화점
타이거 티그레,"서울특별시 강남구 압구정로 343, 갤러리아백화점 명품관 지하1층 (압구정동)",서울특별시 강남구 압구정동 494 갤러리아백화점,203470.848439305,447369.579851952,백화점
둥구나무,"서울특별시 강남구 압구정로 165, 현대백화점본점 지하1층 (압구정동)",서울특별시 강남구 압구정동 429 현대백화점본점,202358.505687227,447232.955697694,백화점
오볼리토(Ovolito),"서울특별시 영등포구 여의대로 108, 더현대 서울 지하1층 (여의도동)",서울특별시 영등포구 여의도동 22 파크원,193592.000380036,447092.629432527,백화점
백미당 롯데강남점,"서울특별시 강남구 도곡로 401, 지하1층 (대치동, 롯데백화점강남점)",서울특별시 강남구 대치동 937,204669.543366778,443873.621189048,백화점
원디그리노스,"서울특별시 서초구 신반포로 176, 신세계백화점 강남점 지하1층 (반포동)",서울특별시 서초구 반포동 19-3 신세계백화점 강남점 지하1층,200250.447804795,444683.220506107,백화점
이포어묵 무역센터점,"서울특별시 강남구 테헤란로 517, 현대백화점 지하1층 식품관 일부호 (삼성동)",서울특별시 강남구 삼성동 159-7 현대백화점,205210.358779172,445154.42225208,백화점
레자미오네뜨,"서울특별시 영등포구 여의대로 108, 더현대 지하1층 (여의도동)",서울특별시 영등포구 여의도동 22 더현대,193592.000380036,447092.629432527,백화점
아실,"서울특별시 서초구 신반포로 176, 신세계백화점 강남점 지하1층 식품관 (반포동)",서울특별시 서초구 반포동 19-3 신세계백화점 강남점 지하1층 식품관,200250.447804795,444683.220506107,백화점
시아리 seaari,"서울특별시 서초구 신반포로 176, 신세계백화점 강남점 지하1층 (반포동)",서울특별시 서초구 반포동 19-3 신세계백화점 강남점 지하1층,200250.447804795,444683.220506107,백화점
효미역 현대백화점압구정점,"서울특별시 강남구 압구정로 165, 현대백화점본점 지하1층 (압구정동)",서울특별시 강남구 압구정동 429 현대백화점본점,202358.505687227,447232.955697694,백화점
골든치즈 롯데백화점 명동점,"서울특별시 중구 남대문로 81, 롯데백화점 본점 지하1층 일부호 (소공동)",서울특별시 중구 소공동 1 롯데백화점 본점,198259.65357739,451392.198218657,백화점
타마노카(TAMANOKA),"서울특별시 서초구 신반포로 176, 신세계백화점 강남점 지하1층 식품관 (반포동)",서울특별시 서초구 반포동 19-3 신세계백화점 강남점 지하1층 식품관,200250.447804795,444683.220506107,백화점
프레시테이블,"서울특별시 양천구 목동동로 257, 지하2층 식품관호 (목동, 현대하이페리온)",서울특별시 양천구 목동 916 현대하이페리온,188884.075622342,447186.888604306,백화점
드레스(DRESS),"서울특별시 노원구 동일로 1414, 롯데백화점 지하1층 (상계동)",서울특별시 노원구 상계동 713 롯데백화점,205320.28476675,461419.881795004,백화점
스탠다드브레드(Standard Bread) 신세계강남점,"서울특별시 서초구 신반포로 176, 신세계강남점 지하1층 (반포동)",서울특별시 서초구 반포동 19-3 지하1층 신세계강남점,200250.447804795,444683.220506107,백화점
5알 땅콩빵 노원점,"서울특별시 노원구 동일로 1414 (상계동,롯데백화점 지하)",서울특별시 노원구 상계동 713 롯데백화점 지하,205320.28476675,461419.881795004,백화점
동원산업(주),"서울특별시 영등포구 여의대로 108, 더현대서울 지하1층 (여의도동)",서울특별시 영등포구 여의도동 22 더현대서울,193592.000380036,447092.629432527,백화점
도리깨침,"서울특별시 강남구 도산대로 442, 피엔폴루스 지하1층 (청담동)",서울특별시 강남구 청담동 4-1 피엔폴루스,203789.588128352,446796.128299612,백화점
르빵 신세계 청담점,"서울특별시 강남구 도산대로 442, 피엔폴루스 지하1층 (청담동)",서울특별시 강남구 청담동 4-1 피엔폴루스,203789.588128352,446796.128299612,백화점
무색델리,"서울특별시 강남구 도산대로 447, 지하1층 (청담동)",서울특별시 강남구 청담동 97-4,203912.628599294,446895.131801962,백화점
옥희분식,"서울특별시 영등포구 영중로 15, 타임스퀘어 지하1층 (영등포동4가)",서울특별시 영등포구 영등포동4가 442 타임스퀘어,191385.057392247,446098.555926507,백화점
금돈방 신세계백화점 타임스퀘어점(金豚房),"서울특별시 영등포구 영중로 15, 타임스퀘어 지하1층 (영등포동4가)",서울특별시 영등포구 영등포동4가 442 타임스퀘어,191385.057392247,446098.555926507,백화점
롯데쇼핑(주),"서울특별시 중구 남대문로 81, 지하1층 (소공동)",서울특별시 중구 소공동 1,198259.65357739,451392.198218657,백화점
에키노마에,"서울특별시 광진구 능동로 92, 롯데백화점 지하1층 (자양동)",서울특별시 광진구 자양동 227-342 롯데백화점,206217.434726027,448506.218743834,백화점
파파밸리 신세계타임스퀘어점,"서울특별시 영등포구 영중로 15, 타임스퀘어 지하1층 (영등포동4가)",서울특별시 영등포구 영등포동4가 442 타임스퀘어,191385.057392247,446098.555926507,백화점
라크루뜨 서울 현대백화점 목동점,"서울특별시 양천구 목동동로 257, 지하2층 (목동, 현대하이페리온)",서울특별시 양천구 목동 916 현대하이페리온,188884.075622342,447186.888604306,백화점
장원에프엔비,"서울특별시 마포구 월드컵로 240, 홈플러스월드컵점 1층 (성산동)",서울특별시 마포구 성산동 515 월드컵주경기장,,,백화점
미스카츠 영등포롯데점,"서울특별시 영등포구 경인로 846, 지하1층 (영등포동, 롯데백화점 )",서울특별시 영등포구 영등포동 618-496 롯데백화점 지하1층,191741.345847708,445970.307641467,백화점
오사카 오지상 치즈케이크,"서울특별시 관악구 신림로 330, 타임스트림 지하1층 B101호 (신림동)",서울특별시 관악구 신림동 1641-2 타임스트림,193754.427350029,442407.201247108,백화점
앙베어베이크,"서울특별시 강남구 압구정로 165, 현대백화점본점 지하1층 (압구정동)",서울특별시 강남구 압구정동 429 현대백화점본점,202358.505687227,447232.955697694,백화점
메종원스이어 노원점,"서울특별시 노원구 동일로 1414, 롯데백화점 지하1층 (상계동)",서울특별시 노원구 상계동 713 롯데백화점,205320.28476675,461419.881795004,백화점
(주)한정선,"서울특별시 서초구 신반포로 176, 신세계백화점 강남점 지하1층 (반포동)",서울특별시 서초구 반포동 19-3 신세계백화점 강남점 지하1층,200250.447804795,444683.220506107,백화점
이사부족발,"서울특별시 광진구 능동로 92, 지하1층 롯데백화점 식품관 (자양동)",서울특별시 광진구 자양동 227-342 롯데백화점,206217.434726027,448506.218743834,백화점
셰프초이스 시그니처,"서울특별시 도봉구 마들로11길 20, 농협창동유통센타 지하1층 (창동)",서울특별시 도봉구 창동 1-10 농협창동유통센타,204413.616574592,461378.588676784,백화점
왓어브레드,"서울특별시 노원구 동일로 1414, 롯데백화점 지하1층 (상계동)",서울특별시 노원구 상계동 713 롯데백화점,205320.28476675,461419.881795004,백화점
하츠베이커리,"서울특별시 양천구 목동동로 257, 지하2층 (목동, 현대하이페리온)",서울특별시 양천구 목동 916 현대하이페리온,188884.075622342,447186.888604306,백화점
카우엔,"서울특별시 관악구 봉천로 209, 롯데백화점 지하2층 (봉천동)",서울특별시 관악구 봉천동 729-22 롯데백화점,193301.885808714,443151.561302292,백화점
제이제이디저트,"서울특별시 노원구 동일로 1414, 롯데백화점 지하1층 (상계동)",서울특별시 노원구 상계동 713 롯데백화점,205320.28476675,461419.881795004,백화점
도라온,"서울특별시 영등포구 영중로 15, 타임스퀘어 지하 1층 161호 (영등포동4가)",서울특별시 영등포구 영등포동4가 442 타임스퀘어,191385.057392247,446098.555926507,백화점
명류당티에프,"서울특별시 동대문구 왕산로 214, 청량리역,롯데백화점 4층 (전농동)","서울특별시 동대문구 전농동 547 청량리역,롯데백화점",204238.668571436,452987.485158497,백화점
오사카 오지상 치즈케이크,"서울특별시 성북구 동소문로 315, 현대백화점미아점 지하1층 (길음동)",서울특별시 성북구 길음동 20-1 현대백화점미아점,202466.801084521,456227.571720914,백화점
쉐프조,"서울특별시 서초구 신반포로 176, 지하1층 스위트파크 (반포동)",서울특별시 서초구 반포동 19-3 지하1층 스위트파크,200250.447804795,444683.220506107,백화점
주식회사 쥬노,"서울특별시 서초구 신반포로 176, 신세계백화점 강남점 지하1층 (반포동)",서울특별시 서초구 반포동 19-3 신세계백화점 강남점 지하1층,200250.447804795,444683.220506107,백화점
이안만두,"서울특별시 서초구 신반포로 176, 신세계백화점 지하1층 (반포동)",서울특별시 서초구 반포동 19-3 신세계백화점 지하1층,200250.447804795,444683.220506107,백화점
태양식품,"서울특별시 서초구 신반포로 176, 신세계백화점 B1 (반포동)",서울특별시 서초구 반포동 19-3 신세계백화점 B1,200250.447804795,444683.220506107,백화점
쉐프밀(chef meal),"서울특별시 강북구 도봉로 62 (미아동, 롯데백화점 지하2층)",서울특별시 강북구 미아동 70-6,202625.646264572,456875.973976242,백화점
주식회사 디프,"서울특별시 노원구 동일로 1414, 롯데백화점 지하1층 (상계동)",서울특별시 노원구 상계동 713 롯데백화점,205320.28476675,461419.881795004,백화점
케이베이커리글로벌(주),"서울특별시 송파구 올림픽로 300, 롯데월드타워앤드롯데월드몰 지하1층 (신천동)",서울특별시 송파구 신천동 29 롯데월드타워앤드롯데월드몰,209074.900840074,445657.80932984,백화점
아띠몽(한시적),"서울특별시 강남구 압구정로 165, 현대백화점 압구정본점 지하1층 행사장 (압구정동)",서울특별시 강남구 압구정동 429 현대백화점본점,202358.505687227,447232.955697694,백화점
(주)제스트네트웍스,"서울특별시 서초구 신반포로 176, 파미에스테이션 메모리얼정션 (반포동)",서울특별시 서초구 반포동 19-3 센트럴시티,200250.447804795,444683.220506107,백화점
영준목장,"서울특별시 성북구 동소문로 315, 현대백화점미아점 B1층 (길음동)",서울특별시 성북구 길음동 20-1 현대백화점미아점,202466.801084521,456227.571720914,백화점
리은푸드,"서울특별시 서초구 신반포로 176, 신세계백화점 강남점 파미에스테이션 메모리얼 정션 (반포동)",서울특별시 서초구 반포동 19-3 센트럴시티,200250.447804795,444683.220506107,백화점
